"@song-title","@song-title-english","@genre","@available-in-japanese","@available-in-global","@available-in-chinese","@normal-level","@normal-constant","@normal-newer","@hard-level","@hard-constant","@hard-newer","@expert-level","@expert-constant","@expert-newer","@inferno-level","@inferno-constant","@inferno-newer"
"ヒトガタ","Hitogata","ANIME/POP",true,,,"NORMAL 3",3.0,true,"HARD 9+",9.7,true,"EXPERT 12",12.6,true,"INFERNO 0",0.0,
"メニメニマニマニ","Many Many Money Money","ANIME/POP",true,,,"NORMAL 3",3.0,true,"HARD 7+",7.8,true,"EXPERT 12",12.3,true,"INFERNO 0",0.0,
"叩ケ 叩ケ 手ェ叩ケ","Tatake Tatake Te-tatake","ANIME/POP",true,,,"NORMAL 2",2.0,true,"HARD 7",7.3,true,"EXPERT 12",12.3,true,"INFERNO 13+",13.8,true
"Fly to NEW WORLD","","ANIME/POP",true,,,"NORMAL 3",3.0,true,"HARD 8",8.3,true,"EXPERT 12",12.2,true,"INFERNO 0",0.0,
"透明声彩","Toumei Seisai","ANIME/POP",true,,,"NORMAL 3",3.0,true,"HARD 7",7.6,true,"EXPERT 11+",11.8,true,"INFERNO 0",0.0,
"うっせぇわ","Ussee-wa","ANIME/POP",true,,,"NORMAL 3",3.0,true,"HARD 9",9.6,true,"EXPERT 12",12.2,true,"INFERNO 13",13.2,true
"Fam☆Fam☆Time!","","ANIME/POP",true,,,"NORMAL 3",3.0,true,"HARD 8",8.2,true,"EXPERT 11+",11.9,true,"INFERNO 0",0.0,
"cœur","coeur","ANIME/POP",true,,,"NORMAL 3",3.0,false,"HARD 8+",8.7,false,"EXPERT 12+",12.7,false,"INFERNO 0",0.0,
"私はNo 1！","Watashi wa No 1!","ANIME/POP",true,,,"NORMAL 3",3.0,false,"HARD 8",8.4,false,"EXPERT 12",12.3,false,"INFERNO 0",0.0,
"ソロモン・ナイト","Solomon Night","ANIME/POP",true,,,"NORMAL 3",3.0,false,"HARD 7+",7.8,false,"EXPERT 13",13.4,false,"INFERNO 0",0.0,
"LOVE!HUG!GROOVY!!","","ANIME/POP",true,,,"NORMAL 4",4.0,false,"HARD 8+",8.7,false,"EXPERT 12",12.4,false,"INFERNO 13",13.5,false
"Dig Delight!","","ANIME/POP",true,,,"NORMAL 3",3.0,false,"HARD 8",8.3,false,"EXPERT 11",11.4,false,"INFERNO 0",0.0,
"電乱★カウントダウン","Denran Countdown","ANIME/POP",true,,,"NORMAL 4",4.0,false,"HARD 7+",7.8,false,"EXPERT 12",12.5,false,"INFERNO 0",0.0,
"Photon Melodies","","ANIME/POP",true,,,"NORMAL 3",3.0,false,"HARD 7+",7.7,false,"EXPERT 11",11.5,false,"INFERNO 0",0.0,
"ぐるぐるDJ TURN!!","Guru-guru DJ TURN!!","ANIME/POP",true,,,"NORMAL 4",4.0,false,"HARD 10",10.1,false,"EXPERT 12+",12.8,false,"INFERNO 0",0.0,
"sister's noise","","ANIME/POP",true,,,"NORMAL 2",2.0,false,"HARD 6",6.0,false,"EXPERT 10",10.1,false,"INFERNO 0",0.0,
"なだめスかし Negotiation","Nadame Sukashi Negotiation","ANIME/POP",true,,,"NORMAL 3",3.0,false,"HARD 7+",7.7,false,"EXPERT 11+",11.9,false,"INFERNO 0",0.0,
"サクリファイス","Sacrifice","ANIME/POP",true,,,"NORMAL 3",3.0,false,"HARD 9",9.1,false,"EXPERT 12",12.2,false,"INFERNO 0",0.0,
"非実在系女子たちはどうすりゃいいですか？","Hi Jitsuzaikei Joshi Tachi wa Dousurya Iidesuka?","ANIME/POP",true,,,"NORMAL 3",3.0,false,"HARD 8",8.5,false,"EXPERT 12",12.6,false,"INFERNO 0",0.0,
"ぺこみこ大戦争！！","Peko Miko Daisensou!!","ANIME/POP",true,,,"NORMAL 4",4.0,false,"HARD 8",8.4,false,"EXPERT 11",11.2,false,"INFERNO 13",13.2,false
"Say!ファンファーレ!","Say! Fanfare!","ANIME/POP",true,,,"NORMAL 3",3.0,false,"HARD 8",8.6,false,"EXPERT 12",12.5,false,"INFERNO 0",0.0,
"NEXT COLOR PLANET","","ANIME/POP",true,,,"NORMAL 2",2.0,false,"HARD 7",7.5,false,"EXPERT 12",12.6,false,"INFERNO 0",0.0,
"夢見る空へ","Yumemiru sora e","ANIME/POP",true,,,"NORMAL 2",2.0,false,"HARD 7+",7.7,false,"EXPERT 11",11.3,false,"INFERNO 0",0.0,
"お願いマッスル","Onegai Muscle","ANIME/POP",true,,,"NORMAL 1",1.0,false,"HARD 7+",7.7,false,"EXPERT 10+",10.7,false,"INFERNO 0",0.0,
"マッチョアネーム？","Macho a Name?","ANIME/POP",true,,,"NORMAL 2",2.0,false,"HARD 6",6.6,false,"EXPERT 12+",12.7,false,"INFERNO 0",0.0,
"HELLO to DREAM","","ANIME/POP",true,,,"NORMAL 1",1.0,false,"HARD 6",6.5,false,"EXPERT 9+",9.7,false,"INFERNO 0",0.0,
"over and over","","ANIME/POP",true,,,"NORMAL 2",2.0,false,"HARD 7",7.5,false,"EXPERT 10",10.4,false,"INFERNO 0",0.0,
"トロピカッ☆バケーション","Tropica' Vacation","ANIME/POP",true,,,"NORMAL 2",2.0,false,"HARD 7",7.5,false,"EXPERT 10+",10.7,false,"INFERNO 0",0.0,
"秒針を噛む","Byoushin wo Kamu","ANIME/POP",true,,,"NORMAL 2",2.0,false,"HARD 6+",6.8,false,"EXPERT 11",11.0,false,"INFERNO 0",0.0,
"ないものねだり","Naimono-nedari","ANIME/POP",true,,,"NORMAL 2",2.0,false,"HARD 7+",7.7,false,"EXPERT 11",11.1,false,"INFERNO 0",0.0,
"HOT LIMIT","","ANIME/POP",true,,,"NORMAL 3",3.0,false,"HARD 7+",7.9,false,"EXPERT 10",10.0,false,"INFERNO 0",0.0,
"キラメキライダー☆","Kirameki Rider","ANIME/POP",true,,,"NORMAL 2",2.0,false,"HARD 7",7.0,false,"EXPERT 11",11.5,false,"INFERNO 0",0.0,
"ガヴリールドロップキック","Gabriel Drop Kick","ANIME/POP",true,,,"NORMAL 3",3.0,false,"HARD 6+",6.9,false,"EXPERT 11",11.0,false,"INFERNO 0",0.0,
"This game","","ANIME/POP",true,,,"NORMAL 2",2.0,false,"HARD 7",7.6,false,"EXPERT 10+",10.7,false,"INFERNO 0",0.0,
"RAGE OF DUST","","ANIME/POP",true,,,"NORMAL 3",3.0,false,"HARD 8",8.4,false,"EXPERT 9",9.6,false,"INFERNO 0",0.0,
"Make it！","","ANIME/POP",true,,,"NORMAL 1",1.0,false,"HARD 5",5.1,false,"EXPERT 9",9.4,false,"INFERNO 0",0.0,
"Make it！ (DJ Genki Remix)","","ANIME/POP",true,,,"NORMAL 3",3.0,false,"HARD 7+",7.8,false,"EXPERT 11",11.6,false,"INFERNO 0",0.0,
"キラッとスタート","Kira-tto Start","ANIME/POP",true,,,"NORMAL 2",2.0,false,"HARD 7",7.4,false,"EXPERT 10",10.2,false,"INFERNO 0",0.0,
"キラッとスタート (USAO Remix)","Kira-tto Start (USAO Remix)","ANIME/POP",true,,,"NORMAL 4",4.0,false,"HARD 8",8.2,false,"EXPERT 12",12.5,false,"INFERNO 0",0.0,
"ハート♥イロ♥トリドリ〜ム","Heart Iro Tori Dream","ANIME/POP",true,,,"NORMAL 1",1.0,false,"HARD 6",6.0,false,"EXPERT 10",10.1,false,"INFERNO 0",0.0,
"ダダダダ天使","Da Da Da Da-tenshi","ANIME/POP",true,,,"NORMAL 3",3.0,false,"HARD 7+",7.8,false,"EXPERT 12",12.0,false,"INFERNO 0",0.0,
"青空のラプソディ","Aozora no Rhapsody","ANIME/POP",true,,,"NORMAL 2",2.0,false,"HARD 6+",6.8,false,"EXPERT 9",9.3,false,"INFERNO 11",11.0,true
"Bravely You","","ANIME/POP",true,,,"NORMAL 1",1.0,false,"HARD 6",6.5,false,"EXPERT 9",9.5,false,"INFERNO 0",0.0,
"ぼなぺてぃーと♡S","Bon Appetit S","ANIME/POP",true,,,"NORMAL 2",2.0,false,"HARD 7+",7.7,false,"EXPERT 11",11.5,false,"INFERNO 0",0.0,
"デタラメなマイナスとプラスにおけるブレンド考","DETARAME NA minus TO plus NI OKERU blend KO","ANIME/POP",true,,,"NORMAL 2",2.0,false,"HARD 5+",5.7,false,"EXPERT 10",10.0,false,"INFERNO 0",0.0,
"輪廻転生","Rinne-tensho","ANIME/POP",true,,,"NORMAL 3",3.0,false,"HARD 9",9.2,false,"EXPERT 12",12.3,false,"INFERNO 0",0.0,
"ストライク・ザ・ブラッド","Strike the blood","ANIME/POP",true,,,"NORMAL 3",3.0,false,"HARD 8+",8.7,false,"EXPERT 11+",11.7,false,"INFERNO 0",0.0,
"新宝島","Shin Takarajima","ANIME/POP",true,,,"NORMAL 1",1.0,false,"HARD 6",6.3,false,"EXPERT 9",9.4,false,"INFERNO 0",0.0,
"U.S.A.","","ANIME/POP",true,,,"NORMAL 2",2.0,false,"HARD 7",7.1,false,"EXPERT 10",10.2,false,"INFERNO 0",0.0,
"Shiny Smily Story","","ANIME/POP",true,,,"NORMAL 3",3.0,false,"HARD 6",6.5,false,"EXPERT 10",10.4,false,"INFERNO 0",0.0,
"Dream☆Story","","ANIME/POP",true,,,"NORMAL 2",2.0,false,"HARD 7",7.5,false,"EXPERT 11",11.2,false,"INFERNO 0",0.0,
"without U","","ANIME/POP",true,,,"NORMAL 3",3.0,false,"HARD 7",7.2,false,"EXPERT 10",10.2,false,"INFERNO 0",0.0,
"シャルル","Charles","ANIME/POP",true,,,"NORMAL 3",3.0,false,"HARD 7",7.1,false,"EXPERT 10",10.3,false,"INFERNO 0",0.0,
"ドラマツルギー","Dramaturgy","ANIME/POP",true,,,"NORMAL 2",2.0,false,"HARD 7",7.4,false,"EXPERT 10",10.1,false,"INFERNO 0",0.0,
"オドループ","OddLoop","ANIME/POP",true,,,"NORMAL 3",3.0,false,"HARD 7+",7.9,false,"EXPERT 10",10.4,false,"INFERNO 0",0.0,
"only my railgun","","ANIME/POP",true,,,"NORMAL 3",3.0,false,"HARD 6+",6.7,false,"EXPERT 9",9.5,false,"INFERNO 0",0.0,
"残酷な天使のテーゼ","Zankoku na Tenshi no Thesis","ANIME/POP",true,,,"NORMAL 1",1.0,false,"HARD 5",5.3,false,"EXPERT 9",9.3,false,"INFERNO 0",0.0,
"ただ君に晴れ","Tada Kimi ni Hare","ANIME/POP",true,,,"NORMAL 3",3.0,false,"HARD 7",7.0,false,"EXPERT 9",9.6,false,"INFERNO 0",0.0,
"AIAIAI (feat. 中田ヤスタカ)","AIAIAI (feat. Nakata Yasutaka)","ANIME/POP",true,,,"NORMAL 1",1.0,false,"HARD 6",6.4,false,"EXPERT 9",9.4,false,"INFERNO 0",0.0,
"Hello, Morning","","ANIME/POP",true,,,"NORMAL 2",2.0,false,"HARD 7",7.1,false,"EXPERT 11",11.2,false,"INFERNO 0",0.0,
"Raise Your Heart!!","","ANIME/POP",true,,,"NORMAL 3",3.0,false,"HARD 7",7.4,false,"EXPERT 10",10.6,false,"INFERNO 0",0.0,
"SHINY DAYS","","ANIME/POP",true,,,"NORMAL 1",1.0,false,"HARD 5",5.2,false,"EXPERT 9",9.0,false,"INFERNO 0",0.0,
"ファティマ","Fatima","ANIME/POP",true,,,"NORMAL 2",2.0,false,"HARD 6+",6.8,false,"EXPERT 9",9.5,false,"INFERNO 0",0.0,
"回レ！雪月花","Maware! Setsugetsuka","ANIME/POP",true,,,"NORMAL 2",2.0,false,"HARD 8",8.0,false,"EXPERT 11",11.0,false,"INFERNO 13+",13.8,true
"ファッとして桃源郷","Fatto-shite Tougenkyou","ANIME/POP",true,,,"NORMAL 3",3.0,false,"HARD 9",9.3,false,"EXPERT 12",12.0,false,"INFERNO 0",0.0,
"TOMORROW","","ANIME/POP",true,,,"NORMAL 3",3.0,false,"HARD 8",8.0,false,"EXPERT 10",10.4,false,"INFERNO 0",0.0,
"メルト","Melt","VOCALOID",true,,,"NORMAL 3",3.0,true,"HARD 8+",8.7,true,"EXPERT 12",12.6,true,"INFERNO 0",0.0,
"天樂","Tengaku","VOCALOID",true,,,"NORMAL 3",3.0,true,"HARD 8",8.6,true,"EXPERT 12+",12.7,true,"INFERNO 0",0.0,
"吉原ラメント","Yoshiwara Lament","VOCALOID",true,,,"NORMAL 3",3.0,true,"HARD 8",8.3,true,"EXPERT 12",12.4,true,"INFERNO 0",0.0,
"ワールズエンド・ダンスホール","World's End Dancehall","VOCALOID",true,,,"NORMAL 3",3.0,true,"HARD 8",8.6,true,"EXPERT 12",12.5,true,"INFERNO 0",0.0,
"炉心融解","Roshin Yuukai","VOCALOID",true,,,"NORMAL 2",2.0,true,"HARD 8",8.6,true,"EXPERT 12",12.2,true,"INFERNO 0",0.0,
"∞(2018Remake)","Infinity (2018Remake)","VOCALOID",true,,,"NORMAL 3",3.0,true,"HARD 8+",8.7,true,"EXPERT 13+",13.8,true,"INFERNO 0",0.0,
"ちがう!!!","Chigau!!!","VOCALOID",true,,,"NORMAL 4",4.0,true,"HARD 9+",9.7,true,"EXPERT 12",12.4,true,"INFERNO 0",0.0,
"おねがいダーリン","Onegai Darling","VOCALOID",true,,,"NORMAL 4",4.0,true,"HARD 9",9.3,true,"EXPERT 11",11.6,true,"INFERNO 0",0.0,
"怪盗Fの台本（シナリオ）〜消えたダイヤの謎〜","Kaitou F no Daihon(Scenario) -Kieta Diamond no Nazo-","VOCALOID",true,,,"NORMAL 3",3.0,true,"HARD 9",9.1,true,"EXPERT 13+",13.7,true,"INFERNO 0",0.0,
"KING","","VOCALOID",true,,,"NORMAL 2",2.0,true,"HARD 8",8.0,true,"EXPERT 11",11.6,true,"INFERNO 0",0.0,
"ダーリンダンス","Darling Dance","VOCALOID",true,,,"NORMAL 2",2.0,true,"HARD 8+",8.7,true,"EXPERT 12+",12.8,true,"INFERNO 0",0.0,
"トリノコシティ","Torinoko City","VOCALOID",true,,,"NORMAL 3",3.0,true,"HARD 7+",7.7,true,"EXPERT 12",12.2,true,"INFERNO 0",0.0,
"サマータイムレコード","Summer-time Record","VOCALOID",true,,,"NORMAL 3",3.0,true,"HARD 7+",7.8,true,"EXPERT 11+",11.9,true,"INFERNO 0",0.0,
"テレキャスタービーボーイ","Telecaster B-Boy","VOCALOID",true,,,"NORMAL 3",3.0,false,"HARD 8+",8.9,false,"EXPERT 11+",11.9,false,"INFERNO 0",0.0,
"フィクサー","Fixer","VOCALOID",true,,,"NORMAL 3",3.0,false,"HARD 7",7.3,false,"EXPERT 12+",12.9,false,"INFERNO 0",0.0,
"バレリーコ","Barerii-ko","VOCALOID",true,,,"NORMAL 3",3.0,false,"HARD 8",8.2,false,"EXPERT 11",11.6,false,"INFERNO 0",0.0,
"だれかの心臓になれたなら","Dareka no Shinzou ni Nareta Nara","VOCALOID",true,,,"NORMAL 3",3.0,false,"HARD 7+",7.8,false,"EXPERT 12",12.1,false,"INFERNO 0",0.0,
"六兆年と一夜物語","Rokucho-nen to ichiya monogatari","VOCALOID",true,,,"NORMAL 4",4.0,false,"HARD 8+",8.9,false,"EXPERT 12",12.5,false,"INFERNO 0",0.0,
"ワールドイズマイン","World is Mine","VOCALOID",true,,,"NORMAL 3",3.0,false,"HARD 8",8.3,false,"EXPERT 11",11.6,false,"INFERNO 0",0.0,
"進捗どうですか！","Shinchoku Doudesu-ka!","VOCALOID",true,,,"NORMAL 3",3.0,false,"HARD 7",7.3,false,"EXPERT 12+",12.8,false,"INFERNO 0",0.0,
"ぼくらの16bit戦争","Bokurano 16bit Sensou","VOCALOID",true,,,"NORMAL 4",4.0,false,"HARD 9",9.1,false,"EXPERT 13",13.4,false,"INFERNO 0",0.0,
"隔絶≡タナトス","Kakuzetsu Thanatos","VOCALOID",true,,,"NORMAL 4",4.0,false,"HARD 8",8.5,false,"EXPERT 13",13.5,false,"INFERNO 0",0.0,
"アスノヨゾラ哨戒班","Asu no Yozora Shokaihan","VOCALOID",true,,,"NORMAL 3",3.0,false,"HARD 7",7.6,false,"EXPERT 11+",11.9,false,"INFERNO 0",0.0,
"ヒビカセ","Hibikase","VOCALOID",true,,,"NORMAL 3",3.0,false,"HARD 8",8.4,false,"EXPERT 12",12.3,false,"INFERNO 0",0.0,
"脳漿炸裂ガール","Noushou Sakuretsu Girl","VOCALOID",true,,,"NORMAL 5",5.0,false,"HARD 9",9.5,false,"EXPERT 13",13.5,false,"INFERNO 0",0.0,
"ポジティブ☆ダンスタイム","Positive Dance-Time","VOCALOID",true,,,"NORMAL 3",3.0,false,"HARD 8+",8.9,false,"EXPERT 11",11.6,false,"INFERNO 0",0.0,
"Gimme×Gimme feat. 初音ミク・鏡音リン","Gimme-Gimme feat. Hatsune Miku & Kagamine Rin","VOCALOID",true,,,"NORMAL 2",2.0,false,"HARD 8",8.1,false,"EXPERT 12",12.0,false,"INFERNO 0",0.0,
"39みゅーじっく！","39 music!","VOCALOID",true,,,"NORMAL 2",2.0,false,"HARD 7",7.4,false,"EXPERT 10+",10.9,false,"INFERNO 0",0.0,
"ブリキノダンス","Buriki no Dance","VOCALOID",true,,,"NORMAL 3",3.0,false,"HARD 7+",7.9,false,"EXPERT 12",12.3,false,"INFERNO 0",0.0,
"チュルリラ・チュルリラ・ダッダッダ！","Chururira Chururira Da-da-da!","VOCALOID",true,,,"NORMAL 4",4.0,false,"HARD 8",8.3,false,"EXPERT 12",12.4,false,"INFERNO 0",0.0,
"おばけのウケねらい","Obake no Uke-nerai","VOCALOID",true,,,"NORMAL 3",3.0,false,"HARD 8",8.0,false,"EXPERT 11+",11.7,false,"INFERNO 0",0.0,
"ベノム","Venom","VOCALOID",true,,,"NORMAL 3",3.0,false,"HARD 7",7.5,false,"EXPERT 12",12.1,false,"INFERNO 0",0.0,
"リアル初音ミクの消失","Real Hatsune Miku no Shoushitsu","VOCALOID",true,,,"NORMAL 6",6.0,false,"HARD 10",10.2,false,"EXPERT 13+",13.7,false,"INFERNO 0",0.0,
"セツナトリップ","Setsuna Trip","VOCALOID",true,,,"NORMAL 3",3.0,false,"HARD 9",9.0,false,"EXPERT 12",12.1,false,"INFERNO 0",0.0,
"カゲロウデイズ","Kagerou Daze","VOCALOID",true,,,"NORMAL 4",4.0,false,"HARD 9",9.5,false,"EXPERT 11",11.3,false,"INFERNO 0",0.0,
"天ノ弱","Amanojaku","VOCALOID",true,,,"NORMAL 3",3.0,false,"HARD 7",7.3,false,"EXPERT 10",10.1,false,"INFERNO 0",0.0,
"ゴーストルール","Ghost Rule","VOCALOID",true,,,"NORMAL 3",3.0,false,"HARD 9",9.0,false,"EXPERT 11",11.6,false,"INFERNO 0",0.0,
"ロストワンの号哭","Lost One no Goukoku","VOCALOID",true,,,"NORMAL 4",4.0,false,"HARD 8",8.3,false,"EXPERT 12",12.2,false,"INFERNO 0",0.0,
"いーあるふぁんくらぶ","Yi Er Fanclub","VOCALOID",true,,,"NORMAL 2",2.0,false,"HARD 6",6.5,false,"EXPERT 10",10.0,false,"INFERNO 0",0.0,
"初音ミクの消失","Hatsune Miku no Shoshitsu","VOCALOID",true,,,"NORMAL 5",5.0,false,"HARD 10",10.6,false,"EXPERT 13+",13.8,false,"INFERNO 0",0.0,
"アカリがやってきたぞっ","Akari ga Yatte Kita-zo!","VOCALOID",true,,,"NORMAL 3",3.0,false,"HARD 8",8.5,false,"EXPERT 11",11.2,false,"INFERNO 0",0.0,
"太陽系デスコ","Taiyou-kei Disco","VOCALOID",true,,,"NORMAL 2",2.0,false,"HARD 7",7.4,false,"EXPERT 10+",10.7,false,"INFERNO 0",0.0,
"幸せになれる隠しコマンドがあるらしい","Shiawase ni Nareru Kakushi Command ga Aru Rashii","VOCALOID",true,,,"NORMAL 5",5.0,false,"HARD 10",10.5,false,"EXPERT 13",13.3,false,"INFERNO 0",0.0,
"千本桜","Senbon-zakura","VOCALOID",true,,,"NORMAL 2",2.0,false,"HARD 7+",7.9,false,"EXPERT 10",10.4,false,"INFERNO 0",0.0,
"エイリアンエイリアン","Alien Alien","VOCALOID",true,,,"NORMAL 2",2.0,false,"HARD 6+",6.7,false,"EXPERT 10",10.5,false,"INFERNO 0",0.0,
"砂の惑星 feat. 初音ミク","Suna no Wakusei feat. Hatsune Miku","VOCALOID",true,,,"NORMAL 3",3.0,false,"HARD 8+",8.7,false,"EXPERT 10",10.5,false,"INFERNO 0",0.0,
"マトリョシカ","Matryoshka","VOCALOID",true,,,"NORMAL 3",3.0,false,"HARD 8",8.2,false,"EXPERT 10",10.4,false,"INFERNO 0",0.0,
"Seyana. ～何でも言うことを聞いてくれるアカネチャン～","Seyana. - Nandemo Iukoto wo Kiite Kureru Akane-chan -","VOCALOID",true,,,"NORMAL 2",2.0,false,"HARD 9",9.3,false,"EXPERT 11+",11.7,false,"INFERNO 0",0.0,
"フラジール","Fragile","VOCALOID",true,,,"NORMAL 1",1.0,false,"HARD 7",7.0,false,"EXPERT 10",10.3,false,"INFERNO 0",0.0,
"ロキ","Roki","VOCALOID",true,,,"NORMAL 4",4.0,false,"HARD 9",9.4,false,"EXPERT 11",11.6,false,"INFERNO 0",0.0,
"ウミユリ海底譚","Umiyuri Kaitei-tan","VOCALOID",true,,,"NORMAL 1",1.0,false,"HARD 7",7.1,false,"EXPERT 10",10.2,false,"INFERNO 0",0.0,
"Grip & Break down !!","","TOUHOU ARRANGE",true,,,"NORMAL 3",3.0,true,"HARD 8",8.5,true,"EXPERT 12",12.0,true,"INFERNO 0",0.0,
"CENSORED!!","","TOUHOU ARRANGE",true,,,"NORMAL 4",4.0,true,"HARD 8+",8.7,true,"EXPERT 13",13.4,true,"INFERNO 0",0.0,
"Crime Wave","","TOUHOU ARRANGE",true,,,"NORMAL 3",3.0,true,"HARD 8",8.1,true,"EXPERT 12+",12.7,true,"INFERNO 0",0.0,
"チルノは覚醒サマーデイズ！","Cirno wa Kakusei Summer Days!","TOUHOU ARRANGE",true,,,"NORMAL 3",3.0,false,"HARD 8",8.6,false,"EXPERT 12",12.3,false,"INFERNO 0",0.0,
"エピクロスの虹はもう見えない","Epikouros no Niji wa Mou Mienai","TOUHOU ARRANGE",true,,,"NORMAL 3",3.0,false,"HARD 8",8.4,false,"EXPERT 11",11.3,false,"INFERNO 0",0.0,
"ARROW RAIN feat.ayame","","TOUHOU ARRANGE",true,,,"NORMAL 5",5.0,false,"HARD 9",9.2,false,"EXPERT 12",12.6,false,"INFERNO 0",0.0,
"四次元跳躍機関","Yo-jigen Chouyaku Kikan","TOUHOU ARRANGE",true,,,"NORMAL 2",2.0,false,"HARD 9",9.1,false,"EXPERT 12+",12.7,false,"INFERNO 0",0.0,
"Destructive Little Sister","","TOUHOU ARRANGE",true,,,"NORMAL 5",5.0,false,"HARD 10+",10.9,false,"EXPERT 13+",13.9,false,"INFERNO 0",0.0,
"物凄い勢いでけーねが物凄いうた","Monosugoi Ikioi de Keine ga Monosugoi Uta","TOUHOU ARRANGE",true,,,"NORMAL 4",4.0,false,"HARD 9+",9.9,false,"EXPERT 12",12.2,false,"INFERNO 0",0.0,
"患部で止まってすぐ溶ける ～ 狂気の優曇華院","Kanbu de Tomatte Sugu Tokeru - Kyouki no Udongein","TOUHOU ARRANGE",true,,,"NORMAL 3",3.0,false,"HARD 9+",9.8,false,"EXPERT 13",13.2,false,"INFERNO 0",0.0,
"Scream out!","","TOUHOU ARRANGE",true,,,"NORMAL 4",4.0,false,"HARD 8",8.1,false,"EXPERT 12+",12.8,false,"INFERNO 0",0.0,
"ホイホイ☆幻想ホロイズム","Hoi-hoi Gensou Holo-ism","TOUHOU ARRANGE",true,,,"NORMAL 3",3.0,false,"HARD 7+",7.7,false,"EXPERT 12+",12.7,false,"INFERNO 0",0.0,
"Help me, ERINNNNNN!!","","TOUHOU ARRANGE",true,,,"NORMAL 3",3.0,false,"HARD 7+",7.7,false,"EXPERT 11",11.6,false,"INFERNO 0",0.0,
"進捗どうですか？","Shinchoku Doudesu-ka?","TOUHOU ARRANGE",true,,,"NORMAL 3",3.0,false,"HARD 8",8.6,false,"EXPERT 12",12.5,false,"INFERNO 0",0.0,
"Sweet Requiem","","TOUHOU ARRANGE",true,,,"NORMAL 3",3.0,false,"HARD 9",9.2,false,"EXPERT 12+",12.7,false,"INFERNO 0",0.0,
"明星ロケット","Akeboshi Rocket","TOUHOU ARRANGE",true,,,"NORMAL 2",2.0,false,"HARD 7",7.5,false,"EXPERT 11+",11.7,false,"INFERNO 0",0.0,
"ゆけむり魂温泉 II","Yukemuri Tama-onsen II","TOUHOU ARRANGE",true,,,"NORMAL 3",3.0,false,"HARD 7",7.5,false,"EXPERT 12",12.0,false,"INFERNO 0",0.0,
"Calamity Fortune","","TOUHOU ARRANGE",true,,,"NORMAL 4",4.0,false,"HARD 10",10.0,false,"EXPERT 13+",13.7,false,"INFERNO 0",0.0,
"ケロ⑨Destiny","Kero 9 Destiny","TOUHOU ARRANGE",true,,,"NORMAL 2",2.0,false,"HARD 6",6.2,false,"EXPERT 11+",11.7,false,"INFERNO 0",0.0,
"風に乗せた願い","Kaze ni Noseta Negai","TOUHOU ARRANGE",true,,,"NORMAL 3",3.0,false,"HARD 7",7.1,false,"EXPERT 10",10.3,false,"INFERNO 0",0.0,
"LOVE EAST","","TOUHOU ARRANGE",true,,,"NORMAL 3",3.0,false,"HARD 7",7.3,false,"EXPERT 11",11.0,false,"INFERNO 0",0.0,
"天狗の落とし文 feat. ytr","Tengu no Otoshi-bumi feat. ytr","TOUHOU ARRANGE",true,,,"NORMAL 3",3.0,false,"HARD 8",8.2,false,"EXPERT 12",12.1,false,"INFERNO 0",0.0,
"神寂","Shinjaku","TOUHOU ARRANGE",true,,,"NORMAL 4",4.0,false,"HARD 10+",10.8,false,"EXPERT 13",13.5,false,"INFERNO 0",0.0,
"悪戯センセーション","Itazura Sensation","TOUHOU ARRANGE",true,,,"NORMAL 2",2.0,false,"HARD 8",8.6,false,"EXPERT 12",12.3,false,"INFERNO 0",0.0,
"ナイト・オブ・ナイツ (かめりあ’s“ワンス・アポン・ア・ナイト”Remix)","Night/Knight of Nights/Knights (Camellia's Once-Upon-A-Night Remix)","TOUHOU ARRANGE",true,,,"NORMAL 5",5.0,false,"HARD 10",10.5,false,"EXPERT 13",13.1,false,"INFERNO 0",0.0,
"Mami Mami Zone","","TOUHOU ARRANGE",true,,,"NORMAL 4",4.0,false,"HARD 9",9.2,false,"EXPERT 11",11.4,false,"INFERNO 0",0.0,
"チルノのパーフェクトさんすう教室","Cirno no Perfect Sansuu Kyoshitsu","TOUHOU ARRANGE",true,,,"NORMAL 3",3.0,false,"HARD 9",9.2,false,"EXPERT 11",11.5,false,"INFERNO 0",0.0,
"待チ人ハ来ズ。","Machi-bito wa Kozu.","TOUHOU ARRANGE",true,,,"NORMAL 2",2.0,false,"HARD 6",6.4,false,"EXPERT 10",10.5,false,"INFERNO 0",0.0,
"taboo tears you up 2017","","TOUHOU ARRANGE",true,,,"NORMAL 4",4.0,false,"HARD 9+",9.8,false,"EXPERT 12",12.4,false,"INFERNO 0",0.0,
"Bad Apple!! feat. nomico","","TOUHOU ARRANGE",true,,,"NORMAL 1",1.0,false,"HARD 5",5.5,false,"EXPERT 9",9.3,false,"INFERNO 0",0.0,
"ナイト・オブ・ナイツ","Night/Knight of Nights/Knights","TOUHOU ARRANGE",true,,,"NORMAL 3",3.0,false,"HARD 9",9.0,false,"EXPERT 12",12.0,false,"INFERNO 0",0.0,
"WARNING×WARNING×WARNING","","TOUHOU ARRANGE",true,,,"NORMAL 3",3.0,false,"HARD 7+",7.7,false,"EXPERT 11",11.5,false,"INFERNO 0",0.0,
"シャカリキ・ファイト・ブンブン","Shakariki Fight Bun-bun","ANIME MUSICAL",true,,,"NORMAL 3",3.0,false,"HARD 6+",6.7,false,"EXPERT 11+",11.7,false,"INFERNO 0",0.0,
"ニュー・ウェーブ","New Wave","ANIME MUSICAL",true,,,"NORMAL 2",2.0,false,"HARD 6",6.1,false,"EXPERT 9",9.3,false,"INFERNO 0",0.0,
"ガンガン・ドンドン","Gan-gan Don-don","ANIME MUSICAL",true,,,"NORMAL 2",2.0,false,"HARD 6",6.0,false,"EXPERT 9+",9.7,false,"INFERNO 0",0.0,
"スマイル・アンド・ティアズ","Smile and Tears","ANIME MUSICAL",true,,,"NORMAL 2",2.0,false,"HARD 6",6.1,false,"EXPERT 9",9.5,false,"INFERNO 0",0.0,
"STILL HOT IN MY HEART","","ANIME MUSICAL",true,,,"NORMAL 3",3.0,false,"HARD 7",7.3,false,"EXPERT 10",10.3,false,"INFERNO 0",0.0,
"Over the sweat and tears","","ANIME MUSICAL",true,,,"NORMAL 1",1.0,false,"HARD 5",5.6,false,"EXPERT 9",9.4,false,"INFERNO 0",0.0,
"ファムファタール","Femme Fatale","VARIETY",true,,,"NORMAL 3",3.0,true,"HARD 8",8.0,true,"EXPERT 11",11.1,true,"INFERNO 0",0.0,
"アゲナゲン","Agenagen","VARIETY",true,,,"NORMAL 4",4.0,true,"HARD 10",10.5,true,"EXPERT 13",13.5,true,"INFERNO 0",0.0,
"花たちに希望を","Hana Tachi ni Kibou wo","VARIETY",true,,,"NORMAL 3",3.0,true,"HARD 9+",9.8,true,"EXPERT 12",12.4,true,"INFERNO 0",0.0,
"NightTheater","","VARIETY",true,,,"NORMAL 3",3.0,true,"HARD 10",10.0,true,"EXPERT 13",13.0,true,"INFERNO 0",0.0,
"恋のMoonlight","Koi no Moonlight","VARIETY",true,,,"NORMAL 2",2.0,true,"HARD 8",8.0,true,"EXPERT 11+",11.8,true,"INFERNO 0",0.0,
"Comet Coaster","","VARIETY",true,,,"NORMAL 5",5.0,true,"HARD 9+",9.9,true,"EXPERT 13",13.3,true,"INFERNO 0",0.0,
"XODUS","","VARIETY",true,,,"NORMAL 5",5.0,true,"HARD 11",11.0,true,"EXPERT 14",14.0,true,"INFERNO 0",0.0,
"Lights of Muse","","VARIETY",true,,,"NORMAL 3",3.0,true,"HARD 9+",9.9,true,"EXPERT 12",12.0,true,"INFERNO 0",0.0,
"The 90's Decision","","VARIETY",true,,,"NORMAL 4",4.0,true,"HARD 9",9.5,true,"EXPERT 13",13.5,true,"INFERNO 0",0.0,
"粉骨砕身カジノゥ","Funkotsu-saishin Casino","VARIETY",true,,,"NORMAL 3",3.0,true,"HARD 8",8.1,true,"EXPERT 13",13.6,true,"INFERNO 0",0.0,
"Avant Raze","","VARIETY",true,,,"NORMAL 3",3.0,true,"HARD 8",8.0,true,"EXPERT 12",12.6,true,"INFERNO 0",0.0,
"#1f1e33","Color Code","VARIETY",true,,,"NORMAL 3",3.0,true,"HARD 10+",10.9,true,"EXPERT 13+",13.9,true,"INFERNO 0",0.0,
"Arcahv","","VARIETY",true,,,"NORMAL 3",3.0,true,"HARD 10",10.5,true,"EXPERT 13",13.6,true,"INFERNO 0",0.0,
"最強STRONGER","Saikyou STRONGER","VARIETY",true,,,"NORMAL 5",5.0,true,"HARD 10",10.6,true,"EXPERT 14",14.0,true,"INFERNO 0",0.0,
"Let you DIVE! (nitro rmx)","","VARIETY",true,,,"NORMAL 4",4.0,true,"HARD 8+",8.7,true,"EXPERT 12+",12.8,true,"INFERNO 0",0.0,
"Sheriruth (Laur Remix)","","VARIETY",true,,,"NORMAL 4",4.0,true,"HARD 10",10.3,true,"EXPERT 13",13.3,true,"INFERNO 0",0.0,
"さんさーら！","Samsara!","VARIETY",true,,,"NORMAL 2",2.0,false,"HARD 7+",7.9,false,"EXPERT 12",12.4,false,"INFERNO 0",0.0,
"Night Club Junkie","","VARIETY",true,,,"NORMAL 2",2.0,false,"HARD 6+",6.8,false,"EXPERT 12",12.5,false,"INFERNO 0",0.0,
"PUPA","","VARIETY",true,,,"NORMAL 4",4.0,false,"HARD 8",8.6,false,"EXPERT 13+",13.7,false,"INFERNO 0",0.0,
"Destr0yer","","VARIETY",true,,,"NORMAL 5",5.0,false,"HARD 8+",8.7,false,"EXPERT 13",13.0,false,"INFERNO 0",0.0,
"もぺもぺ","Mope-mope","VARIETY",true,,,"NORMAL 4",4.0,false,"HARD 8",8.2,false,"EXPERT 12+",12.7,false,"INFERNO 0",0.0,
"MAGENTA POTION","","VARIETY",true,,,"NORMAL 4",4.0,false,"HARD 8",8.1,false,"EXPERT 12",12.6,false,"INFERNO 0",0.0,
"進捗WARS feat．ビートまりお","Shinchoku WARS feat. Beat Mario","VARIETY",true,,,"NORMAL 3",3.0,false,"HARD 7",7.0,false,"EXPERT 11",11.5,false,"INFERNO 0",0.0,
"Apocalypse","","VARIETY",true,,,"NORMAL 2",2.0,false,"HARD 7",7.6,false,"EXPERT 12",12.4,false,"INFERNO 0",0.0,
"You are the Miserable","","VARIETY",true,,,"NORMAL 3",3.0,false,"HARD 10",10.0,false,"EXPERT 13+",13.9,false,"INFERNO 0",0.0,
"Stasis","","VARIETY",true,,,"NORMAL 3",3.0,false,"HARD 10",10.2,false,"EXPERT 13",13.6,false,"INFERNO 0",0.0,
"Rainmaker","","VARIETY",true,,,"NORMAL 4",4.0,false,"HARD 9+",9.9,false,"EXPERT 13",13.5,false,"INFERNO 0",0.0,
"Weg","","VARIETY",true,,,"NORMAL 3",3.0,false,"HARD 8",8.6,false,"EXPERT 12",12.3,false,"INFERNO 0",0.0,
"From Zero feat. 利香","","VARIETY",true,,,"NORMAL 3",3.0,false,"HARD 7+",7.7,false,"EXPERT 11+",11.8,false,"INFERNO 0",0.0,
"PRESS START!","","VARIETY",true,,,"NORMAL 4",4.0,false,"HARD 8+",8.7,false,"EXPERT 12+",12.7,false,"INFERNO 0",0.0,
"TWISTSTEP","","VARIETY",true,,,"NORMAL 3",3.0,false,"HARD 8+",8.8,false,"EXPERT 12+",12.7,false,"INFERNO 0",0.0,
"Future Cαndy","Future Candy","VARIETY",true,,,"NORMAL 3",3.0,false,"HARD 9",9.1,false,"EXPERT 12+",12.7,false,"INFERNO 0",0.0,
"Fish Fight!","","VARIETY",true,,,"NORMAL 4",4.0,false,"HARD 9",9.0,false,"EXPERT 11",11.6,false,"INFERNO 0",0.0,
"THERAPY","","VARIETY",true,,,"NORMAL 4",4.0,false,"HARD 9",9.1,false,"EXPERT 12+",12.7,false,"INFERNO 0",0.0,
"グルーヴ・ザ・ハート","Groove the Heart","VARIETY",true,,,"NORMAL 4",4.0,false,"HARD 8",8.5,false,"EXPERT 12",12.5,false,"INFERNO 0",0.0,
"Got more raves?","","VARIETY",true,,,"NORMAL 6",6.0,false,"HARD 10+",10.9,false,"EXPERT 13",13.5,false,"INFERNO 0",0.0,
"Good Night, Bad Luck.","","VARIETY",true,,,"NORMAL 5",5.0,false,"HARD 10+",10.7, false,"EXPERT 13+",13.7,false,"INFERNO 0",0.0,
"Grayed Out-Antifront-","","VARIETY",true,,,"NORMAL 3",3.0,false,"HARD 9",9.6,false,"EXPERT 13",13.2,false,"INFERNO 0",0.0,
"インドア系ならトラックメイカー","Indoor-kei nara Trackmaker","VARIETY",true,,,"NORMAL 2",2.0,false,"HARD 7",7.5,false,"EXPERT 12+",12.9,false,"INFERNO 0",0.0,
"ダンシング☆サムライ","Dancing Samurai","VARIETY",true,,,"NORMAL 3",3.0,false,"HARD 7+",7.7,false,"EXPERT 10",10.5,false,"INFERNO 0",0.0,
"WHITE","","VARIETY",true,,,"NORMAL 3",3.0,false,"HARD 8",8.0,false,"EXPERT 10",10.5,false,"INFERNO 0",0.0,
"Brain Power","","VARIETY",true,,,"NORMAL 4",4.0,false,"HARD 9+",9.7,false,"EXPERT 13",13.0,false,"INFERNO 0",0.0,
"聖者の鼓動","Seija no Kodo","VARIETY",true,,,"NORMAL 2",2.0,false,"HARD 7",7.6,false,"EXPERT 12",12.4,false,"INFERNO 0",0.0,
"BUCHiGiRE Berserker","","VARIETY",true,,,"NORMAL 4",4.0,false,"HARD 10+",10.9,false,"EXPERT 13+",13.9,false,"INFERNO 0",0.0,
"君のStarlight Road","Kimi no Starlight Road","VARIETY",true,,,"NORMAL 3",3.0,false,"HARD 8",8.2,false,"EXPERT 10",10.3,false,"INFERNO 0",0.0,
"FUJIN Rumble","","VARIETY",true,,,"NORMAL 5",5.0,false,"HARD 10+",10.8,false,"EXPERT 13",13.6,false,"INFERNO 0",0.0,
"Eyes on me feat. Such","","VARIETY",true,,,"NORMAL 3",3.0,false,"HARD 7+",7.7,false,"EXPERT 12",12.4,false,"INFERNO 0",0.0,
"GOODWORLD","","VARIETY",true,,,"NORMAL 2",2.0,false,"HARD 9",9.1,false,"EXPERT 12",12.6,false,"INFERNO 0",0.0,
"Altale","","VARIETY",true,,,"NORMAL 4",4.0,false,"HARD 9",9.3,false,"EXPERT 12",12.3,false,"INFERNO 0",0.0,
"ベースラインやってる？笑","Bass-line Yatteru? LOL","VARIETY",true,,,"NORMAL 4",4.0,false,"HARD 9+",9.9,false,"EXPERT 12",12.2,false,"INFERNO 0",0.0,
"EU over Progress","","VARIETY",true,,,"NORMAL 6",6.0,false,"HARD 10+",10.7,false,"EXPERT 12+",12.7,false,"INFERNO 0",0.0,
"燐廻","Rinne","VARIETY",true,,,"NORMAL 2",2.0,false,"HARD 7+",7.7,false,"EXPERT 11",11.1,false,"INFERNO 0",0.0,
"『エキセントリック少年ボウイ』のテーマ","'Eccentric Shonen Boy' no Theme","VARIETY",true,,,"NORMAL 1",1.0,false,"HARD 5+",5.7,false,"EXPERT 12",12.6,false,"INFERNO 0",0.0,
"Jägermeister","Jagermeister","VARIETY",true,,,"NORMAL 3",3.0,false,"HARD 8+",8.8,false,"EXPERT 11",11.2,false,"INFERNO 0",0.0,
"What's this?","","VARIETY",true,,,"NORMAL 3",3.0,false,"HARD 6",6.3,false,"EXPERT 10",10.2,false,"INFERNO 0",0.0,
"FREEDOM DiVE↓","","VARIETY",true,,,"NORMAL 6",6.0,false,"HARD 10+",10.9,false,"EXPERT 13+",13.9,false,"INFERNO 0",0.0,
"Honey Panic!","","VARIETY",true,,,"NORMAL 3",3.0,false,"HARD 9",9.4,false,"EXPERT 12",12.0,false,"INFERNO 0",0.0,
"Pixel Galaxy","","VARIETY",true,,,"NORMAL 2",2.0,false,"HARD 7",7.2,false,"EXPERT 10+",10.8,false,"INFERNO 0",0.0,
"集結の華々","Shuketsu no Hanabana","VARIETY",true,,,"NORMAL 2",2.0,false,"HARD 6",6.3,false,"EXPERT 10+",10.9,false,"INFERNO 0",0.0,
"conflict","","VARIETY",true,,,"NORMAL 5",5.0,false,"HARD 10",10.3,false,"EXPERT 13",13.4,false,"INFERNO 0",0.0,
"こんにちは、ARuFaです。","Konnichi wa, ARuFa desu.","VARIETY",true,,,"NORMAL 3",3.0,false,"HARD 7",7.5,false,"EXPERT 10",10.4,false,"INFERNO 0",0.0,
"ぼくの夢、メチャクソ無限湧き","Boku no Yume, Mechakuso Mugen Waki","VARIETY",true,,,"NORMAL 4",4.0,false,"HARD 9",9.6,false,"EXPERT 12",12.6,false,"INFERNO 13+",13.8,false
"ゲームオーバー (feat. TORIENA)","Game Over (feat. TORIENA)","VARIETY",true,,,"NORMAL 2",2.0,false,"HARD 7+",7.7,false,"EXPERT 11+",11.7,false,"INFERNO 0",0.0,
"ルーンファクトリー４スペシャルより「この想いを乗せて」","'Kono Omoi wo Nosete' from Rune Factory 4 Special","VARIETY",true,,,"NORMAL 1",1.0,false,"HARD 5",5.6,false,"EXPERT 9",9.0,false,"INFERNO 0",0.0,
"cloud IX","","VARIETY",true,,,"NORMAL 4",4.0,true,"HARD 10",10.5,true,"EXPERT 13",13.6,true,"INFERNO 0",0.0,
"DIVE With Ü","","ORIGINAL",true,,,"NORMAL 3",3.0,true,"HARD 9",9.6,true,"EXPERT 13",13.3,true,"INFERNO 12",12.0,true
"神","Kami","ORIGINAL",true,,,"NORMAL 6",6.0,true,"HARD 10+",10.9,true,"EXPERT 13+",13.7,true,"INFERNO 14",14.1,true
"Ouvertüre","Ouverture","ORIGINAL",true,,,"NORMAL 3",3.0,true,"HARD 9",9.6,true,"EXPERT 13",13.3,true,"INFERNO 14",14.0,true
"Love Kills U","","ORIGINAL",true,,,"NORMAL 4",4.0,true,"HARD 8",8.4,true,"EXPERT 12",12.5,true,"INFERNO 0",0.0,
"Kira☆Kira☆Night","","ORIGINAL",true,,,"NORMAL 5",5.0,true,"HARD 9",9.6,true,"EXPERT 12+",12.9,true,"INFERNO 0",0.0,
"YOG","","ORIGINAL",true,,,"NORMAL 4",4.0,true,"HARD 9+",9.7,true,"EXPERT 13+",13.8,true,"INFERNO 0",0.0,
"Lost Illusion","","ORIGINAL",true,,,"NORMAL 4",4.0,false,"HARD 10+",10.7,false,"EXPERT 12+",12.7,false,"INFERNO 0",0.0,
"Cauliflower","","ORIGINAL",true,,,"NORMAL 4",4.0,false,"HARD 8+",8.7,false,"EXPERT 12+",12.8,false,"INFERNO 0",0.0,
"Purple Skies","","ORIGINAL",true,,,"NORMAL 3",3.0,false,"HARD 8",8.4,false,"EXPERT 12",12.4,false,"INFERNO 0",0.0,
"Lhaksha","Laksha/Laksa","ORIGINAL",true,,,"NORMAL 3",3.0,false,"HARD 9",9.6,false,"EXPERT 12",12.5,false,"INFERNO 0",0.0,
"LIN NE KRO NE feat. lasah","","ORIGINAL",true,,,"NORMAL 4",4.0,false,"HARD 9",9.0,false,"EXPERT 13+",13.7,false,"INFERNO 0",0.0,
"フリーフォール","Free Fall","ORIGINAL",true,,,"NORMAL 4",4.0,false,"HARD 8+",8.8,false,"EXPERT 12+",12.7,false,"INFERNO 0",0.0,
"猫娘","Neko Musume","ORIGINAL",true,,,"NORMAL 6",6.0,false,"HARD 10",10.6,false,"EXPERT 13+",13.7,false,"INFERNO 0",0.0,
"QiXiN MAdN3ss 2153","KISHIN MADNESS 2153","ORIGINAL",true,,,"NORMAL 6",6.0,false,"HARD 11",11.0,false,"EXPERT 13+",13.9,false,"INFERNO 0",0.0,
"ARTEMiS","","ORIGINAL",true,,,"NORMAL 4",4.0,false,"HARD 10",10.6,false,"EXPERT 13+",13.9,false,"INFERNO 0",0.0,
"with U","","ORIGINAL",true,,,"NORMAL 3",3.0,false,"HARD 7+",7.9,false,"EXPERT 11+",11.8,false,"INFERNO 13",13.6,false
"Tell Me","","ORIGINAL",true,,,"NORMAL 3",3.0,false,"HARD 7+",7.9,false,"EXPERT 11+",11.8,false,"INFERNO 0",0.0,
"LETHAL;WEAPON","","ORIGINAL",true,,,"NORMAL 3",3.0,false,"HARD 8",8.0,false,"EXPERT 12+",12.9,false,"INFERNO 0",0.0,
"THE MUZZLE FACING","","ORIGINAL",true,,,"NORMAL 4",4.0,false,"HARD 9+",9.8,false,"EXPERT 13+",13.8,false,"INFERNO 0",0.0,
"GASHATT","","ORIGINAL",true,,,"NORMAL 4",4.0,false,"HARD 10",10.1,false,"EXPERT 12",12.4,false,"INFERNO 0",0.0,
"Demon's Rave","","ORIGINAL",true,,,"NORMAL 5",5.0,false,"HARD 10",10.0,false,"EXPERT 12+",12.8,false,"INFERNO 0",0.0,
"jacaranda","","ORIGINAL",true,,,"NORMAL 4",4.0,false,"HARD 9",9.3,false,"EXPERT 12+",12.7,false,"INFERNO 0",0.0,
"CHECKER FLAG","","ORIGINAL",true,,,"NORMAL 3",3.0,false,"HARD 7",7.2,false,"EXPERT 12+",12.9,false,"INFERNO 0",0.0,
"Stratoliner","","ORIGINAL",true,,,"NORMAL 4",4.0,false,"HARD 9+",9.8,false,"EXPERT 12+",12.8,false,"INFERNO 0",0.0,
"Utopia feat. shully","","ORIGINAL",true,,,"NORMAL 5",5.0,false,"HARD 9",9.4,false,"EXPERT 12",12.6,false,"INFERNO 0",0.0,
"Let you DIVE!","","ORIGINAL",true,,,"NORMAL 3",3.0,false,"HARD 9+",9.7,false,"EXPERT 11+",11.8,false,"INFERNO 13",13.4,false
"Scramble TANO*C","","HARDCORE TANO*C",true,,,"NORMAL 3",3.0,true,"HARD 9",9.6,true,"EXPERT 12+",12.8,true,"INFERNO 0",0.0,
"Everybody Say HARDCORE TANO*C","","HARDCORE TANO*C",true,,,"NORMAL 4",4.0,true,"HARD 9",9.1,true,"EXPERT 13",13.4,true,"INFERNO 0",0.0,
"Crush Out","","HARDCORE TANO*C",true,,,"NORMAL 4",4.0,true,"HARD 10",10.2,true,"EXPERT 12+",12.9,true,"INFERNO 0",0.0,
"Keep on Groovin' feat. mow*2","","HARDCORE TANO*C",true,,,"NORMAL 4",4.0,true,"HARD 9+",9.9,true,"EXPERT 12",12.5,true,"INFERNO 0",0.0,
"To the sky -wacca edit- feat.motoko","","HARDCORE TANO*C",true,,,"NORMAL 3",3.0,true,"HARD 8+",8.9,true,"EXPERT 12",12.5,true,"INFERNO 0",0.0,
"We are the Massive New Krew (2020Edit)","","HARDCORE TANO*C",true,,,"NORMAL 3",3.0,true,"HARD 8",8.6,true,"EXPERT 13",13.0,true,"INFERNO 14",14.0,true
"最先端坊将軍３","","HARDCORE TANO*C",true,,,"NORMAL 3",3.0,true,"HARD 8+",8.8,true,"EXPERT 13+",13.8,true,"INFERNO 0",0.0,
"BPM=RT","","HARDCORE TANO*C",true,,,"NORMAL 5",5.0,true,"HARD 10+",10.8,true,"EXPERT 13+",13.9,true,"INFERNO 0",0.0,
"1BPM","","HARDCORE TANO*C",true,,,"NORMAL 4",4.0,true,"HARD 10",10.5,true,"EXPERT 13+",13.7,true,"INFERNO 0",0.0,
"Viyella's Nightmare","","HARDCORE TANO*C",true,,,"NORMAL 4",4.0,true,"HARD 11",11.0,true,"EXPERT 13+",13.8,true,"INFERNO 0",0.0,
"Odin","","HARDCORE TANO*C",true,,,"NORMAL 4",4.0,true,"HARD 10+",10.7,true,"EXPERT 13",13.6,true,"INFERNO 0",0.0,
"EXTRA HARD","","HARDCORE TANO*C",true,,,"NORMAL 4",4.0,true,"HARD 11",11.0,true,"EXPERT 14",14.0,true,"INFERNO 0",0.0,
"Obtain An Unused Whale In The Abstract Sea","","HARDCORE TANO*C",true,,,"NORMAL 2",2.0,true,"HARD 6",6.0,true,"EXPERT 13",13.3,true,"INFERNO 0",0.0,
"Middle","","HARDCORE TANO*C",true,,,"NORMAL 3",3.0,true,"HARD 7",7.6,true,"EXPERT 12+",12.9,true,"INFERNO 0",0.0,
"Avenue","","HARDCORE TANO*C",true,,,"NORMAL 3",3.0,true,"HARD 7+",7.9,true,"EXPERT 12+",12.9,true,"INFERNO 0",0.0,
"えくすとりーむ↑↑おんがくスクール feat. ななひら","Extreme ↑↑ Ongaku School feat. nanahira","HARDCORE TANO*C",true,,,"NORMAL 4",4.0,true,"HARD 10+",10.9,true,"EXPERT 13+",13.8,true,"INFERNO 0",0.0,
"T+ VS SHARK","","HARDCORE TANO*C",true,,,"NORMAL 4",4.0,true,"HARD 10+",10.9,true,"EXPERT 13+",13.8,true,"INFERNO 0",0.0,
"Brand New World feat. Yukacco","","HARDCORE TANO*C",true,,,"NORMAL 3",3.0,true,"HARD 7",7.5,true,"EXPERT 11+",11.8,true,"INFERNO 0",0.0,
"SUPER EMULATOR","","HARDCORE TANO*C",true,,,"NORMAL 4",4.0,true,"HARD 11",11.0,true,"EXPERT 14",14.0,true,"INFERNO 0",0.0,
"GAKKY","","HARDCORE TANO*C",true,,,"NORMAL 4",4.0,true,"HARD 10+",10.7,true,"EXPERT 13+",13.7,true,"INFERNO 0",0.0,
"NIGHTWAVE FRAGMENTS","","HARDCORE TANO*C",true,,,"NORMAL 4",4.0,true,"HARD 10",10.6,true,"EXPERT 13+",13.7,true,"INFERNO 0",0.0,
"N3XTAGE","NEXTAGE","HARDCORE TANO*C",true,,,"NORMAL 4",4.0,true,"HARD 10",10.4,true,"EXPERT 12+",12.7,true,"INFERNO 0",0.0,
"Big Daddy","","HARDCORE TANO*C",true,,,"NORMAL 5",5.0,true,"HARD 8+",8.7,true,"EXPERT 13",13.3,true,"INFERNO 0",0.0,
"Ready Go feat. Yukacco","","HARDCORE TANO*C",true,,,"NORMAL 3",3.0,true,"HARD 8",8.6,true,"EXPERT 12",12.3,true,"INFERNO 0",0.0,
"Reach My Voice","","HARDCORE TANO*C",true,,,"NORMAL 3",3.0,true,"HARD 8+",8.8,true,"EXPERT 12+",12.8,true,"INFERNO 0",0.0,
"You & DIE","","HARDCORE TANO*C",true,,,"NORMAL 4",4.0,true,"HARD 10+",10.7,true,"EXPERT 13",13.6,true,"INFERNO 0",0.0,
"Möbius","Moebius","HARDCORE TANO*C",true,,,"NORMAL 8",8.0,true,"HARD 10+",10.8,true,"EXPERT 14",14.1,true,"INFERNO 15",15.0,true
"GENOCIDER (Kobaryo's FTN-Remix)","","HARDCORE TANO*C",true,,,"NORMAL 6",6.0,true,"HARD 10+",10.7,true,"EXPERT 14",14.1,true,"INFERNO 0",0.0,
"Invisible Frenzy (Camellia's ""593: Insanely Fluctuated"" Remix)","","HARDCORE TANO*C",true,,,"NORMAL 6",6.0,true,"HARD 11",11.2,true,"EXPERT 14",14.1,true,"INFERNO 0",0.0,
"Candy Star","","HARDCORE TANO*C",true,,,"NORMAL 3",3.0,true,"HARD 9",9.5,true,"EXPERT 13",13.2,true,"INFERNO 0",0.0,
"Onigami","","HARDCORE TANO*C",true,,,"NORMAL 4",4.0,true,"HARD 9",9.0,true,"EXPERT 13",13.2,true,"INFERNO 0",0.0,
"DANGEROOOOUS JUNGLE","","HARDCORE TANO*C",true,,,"NORMAL 3",3.0,true,"HARD 10",10.6,true,"EXPERT 13",13.4,true,"INFERNO 14",14.1,true
"Dimension Hacker","","HARDCORE TANO*C",true,,,"NORMAL 4",4.0,true,"HARD 10+",10.8,true,"EXPERT 13",13.4,true,"INFERNO 14",14.1,true
"EPHMR","EPHEMERA","HARDCORE TANO*C",true,,,"NORMAL 4",4.0,true,"HARD 10+",10.7,true,"EXPERT 13",13.2,true,"INFERNO 14",14.1,true
"クリムゾン帝王","Crimson Teio","HARDCORE TANO*C",true,,,"NORMAL 8",8.0,true,"HARD 11+",11.7,true,"EXPERT 13+",13.7,true,"INFERNO 14",14.2,true
"Break Through Myself feat. Risa Yuzuki","","HARDCORE TANO*C",true,,,"NORMAL 4",4.0,true,"HARD 10",10.2,true,"EXPERT 13",13.4,true,"INFERNO 0",0.0,
"D3LTA QOMPLEX","DELTA COMPLEX","HARDCORE TANO*C",true,,,"NORMAL 4",4.0,true,"HARD 9+",9.9,true,"EXPERT 13",13.1,true,"INFERNO 0",0.0,
"Chobit Flavor","","HARDCORE TANO*C",true,,,"NORMAL 3",3.0,true,"HARD 9",9.2,true,"EXPERT 12",12.6,true,"INFERNO 0",0.0,
"Machinery of Avoid","","HARDCORE TANO*C",true,,,"NORMAL 4",4.0,true,"HARD 8",8.5,true,"EXPERT 12+",12.7,true,"INFERNO 0",0.0,
"Datamania (tpz Overheat Remix)","","HARDCORE TANO*C",true,,,"NORMAL 3",3.0,true,"HARD 7+",7.8,true,"EXPERT 12",12.6,true,"INFERNO 0",0.0,
"超MANJIラッシュ","Cho MANJI Rush","HARDCORE TANO*C",true,,,"NORMAL 5",5.0,true,"HARD 9+",9.7,true,"EXPERT 13+",13.7,true,"INFERNO 0",0.0,
"Meta-Mysteria","","HARDCORE TANO*C",true,,,"NORMAL 6",6.0,true,"HARD 11",11.0,true,"EXPERT 14",14.1,true,"INFERNO 0",0.0,
"Eternal Ending","","HARDCORE TANO*C",true,,,"NORMAL 5",5.0,false,"HARD 10+",10.9,false,"EXPERT 13",13.4,false,"INFERNO 0",0.0,
"EVE","","HARDCORE TANO*C",true,,,"NORMAL 4",4.0,false,"HARD 9",9.2,false,"EXPERT 13",13.1,false,"INFERNO 0",0.0,
"eden","","HARDCORE TANO*C",true,,,"NORMAL 4",4.0,false,"HARD 10",10.5,false,"EXPERT 13",13.3,false,"INFERNO 14",14.1,false
"Silentphobia","","HARDCORE TANO*C",true,,,"NORMAL 4",4.0,false,"HARD 10",10.3,false,"EXPERT 13",13.6,false,"INFERNO 14",14.1,false
"やけにインザレイン feat. 小林私","Yake-ni in the Rain feat. Kobayashi Watashi","HARDCORE TANO*C",true,,,"NORMAL 3",3.0,false,"HARD 10",10.3,false,"EXPERT 13",13.1,false,"INFERNO 0",0.0,
"Traveller feat.moimoi","","HARDCORE TANO*C",true,,,"NORMAL 2",2.0,false,"HARD 8",8.4,false,"EXPERT 12",12.4,false,"INFERNO 0",0.0,
"FLVSH OUT","FLASH OUT","HARDCORE TANO*C",true,,,"NORMAL 4",4.0,false,"HARD 9+",9.8,false,"EXPERT 13",13.5,false,"INFERNO 0",0.0,
"BSCS","","HARDCORE TANO*C",true,,,"NORMAL 4",4.0,false,"HARD 8+",8.8,false,"EXPERT 13",13.3,false,"INFERNO 0",0.0,
"Popping Happiness!","","HARDCORE TANO*C",true,,,"NORMAL 4",4.0,false,"HARD 8",8.5,false,"EXPERT 12",12.4,false,"INFERNO 0",0.0,
"Madwing","","HARDCORE TANO*C",true,,,"NORMAL 5",5.0,false,"HARD 9+",9.9,false,"EXPERT 12+",12.8,false,"INFERNO 0",0.0,
"TRICKL4SH 220","TRICKLASH 220","HARDCORE TANO*C",true,,,"NORMAL 4",4.0,false,"HARD 10+",10.9,false,"EXPERT 13+",13.8,false,"INFERNO 0",0.0,
"SHAKE!","","HARDCORE TANO*C",true,,,"NORMAL 4",4.0,false,"HARD 9",9.5,false,"EXPERT 12+",12.7,false,"INFERNO 0",0.0,
"DUAL BREAKER XX","","HARDCORE TANO*C",true,,,"NORMAL 6",6.0,false,"HARD 10+",10.8,false,"EXPERT 13+",13.8,false,"INFERNO 0",0.0,
"Megaton Killer","","HARDCORE TANO*C",true,,,"NORMAL 5",5.0,false,"HARD 10",10.0,false,"EXPERT 13",13.6,false,"INFERNO 0",0.0,
"ATAMA WARUI","","HARDCORE TANO*C",true,,,"NORMAL 5",5.0,false,"HARD 9",9.1,false,"EXPERT 12+",12.9,false,"INFERNO 0",0.0,
"Liberate","","HARDCORE TANO*C",true,,,"NORMAL 4",4.0,false,"HARD 9",9.5,false,"EXPERT 13",13.1,false,"INFERNO 0",0.0,
"Animosity","","HARDCORE TANO*C",true,,,"NORMAL 6",6.0,false,"HARD 10+",10.9,false,"EXPERT 13+",13.8,false,"INFERNO 0",0.0,
"Big Bang","","HARDCORE TANO*C",true,,,"NORMAL 7",7.0,false,"HARD 11",11.0,false,"EXPERT 14",14.0,false,"INFERNO 0",0.0,
"恋メタル","Koi Metal","HARDCORE TANO*C",true,,,"NORMAL 3",3.0,false,"HARD 8+",8.8,false,"EXPERT 12+",12.7,false,"INFERNO 0",0.0,
"はげしこの夜 -Psylent Crazy Night-","Hageshi kono yoru -Psylent Crazy Night-","HARDCORE TANO*C",true,,,"NORMAL 4",4.0,false,"HARD 8+",8.8,false,"EXPERT 13+",13.7,false,"INFERNO 0",0.0,
"パニックポップ☆フェスティバル!!!","Panic Pop Festival!!!","HARDCORE TANO*C",true,,,"NORMAL 5",5.0,false,"HARD 10",10.0,false,"EXPERT 13",13.3,false,"INFERNO 0",0.0,
"Stasis feat.motoko -WACCA EDiT-","","HARDCORE TANO*C",true,,,"NORMAL 4",4.0,false,"HARD 7+",7.9,false,"EXPERT 12+",12.7,false,"INFERNO 0",0.0,
"RAV#GIRL","RAVEGIRL","HARDCORE TANO*C",true,,,"NORMAL 3",3.0,false,"HARD 7+",7.8,false,"EXPERT 12",12.6,false,"INFERNO 0",0.0,
"KALACAKLA","KALACAKRA","HARDCORE TANO*C",true,,,"NORMAL 4",4.0,false,"HARD 8",8.0,false,"EXPERT 12+",12.7,false,"INFERNO 0",0.0,
"Poppin' Shower","","HARDCORE TANO*C",true,,,"NORMAL 3",3.0,false,"HARD 9+",9.8,false,"EXPERT 12",12.5,false,"INFERNO 0",0.0,
"While Shining feat.Yukacco","","HARDCORE TANO*C",true,,,"NORMAL 3",3.0,false,"HARD 8",8.6,false,"EXPERT 12",12.3,false,"INFERNO 0",0.0,
"ALiVE","","HARDCORE TANO*C",true,,,"NORMAL 3",3.0,false,"HARD 7+",7.8,false,"EXPERT 11",11.0,false,"INFERNO 0",0.0,
"ONOMATO Pairing!!!","","HARDCORE TANO*C",true,,,"NORMAL 2",2.0,false,"HARD 8",8.5,false,"EXPERT 12",12.4,false,"INFERNO 0",0.0,
"SUPER REACTOR","","HARDCORE TANO*C",true,,,"NORMAL 4",4.0,false,"HARD 8",8.2,false,"EXPERT 13",13.0,false,"INFERNO 0",0.0,
"GENOCIDER","","HARDCORE TANO*C",true,,,"NORMAL 6",6.0,false,"HARD 11",11.0,false,"EXPERT 14",14.1,false,"INFERNO 0",0.0,
"ツアー・ファイナル","Tour Final","HARDCORE TANO*C",true,,,"NORMAL 3",3.0,false,"HARD 9",9.4,false,"EXPERT 12",12.3,false,"INFERNO 0",0.0,
"Metamorphose","","HARDCORE TANO*C",true,,,"NORMAL 4",4.0,false,"HARD 10",10.3,false,"EXPERT 12+",12.7,false,"INFERNO 0",0.0,
"MAGiC4LG1RL M3GA S7R1KE!","MAGiCALGiRL MEGA STRiKE!","HARDCORE TANO*C",true,,,"NORMAL 4",4.0,false,"HARD 10",10.0,false,"EXPERT 13",13.1,false,"INFERNO 0",0.0,
"METEOR BURST","","HARDCORE TANO*C",true,,,"NORMAL 5",5.0,false,"HARD 10+",10.9,false,"EXPERT 13+",13.8,false,"INFERNO 0",0.0,
"XTREME","","HARDCORE TANO*C",true,,,"NORMAL 6",6.0,false,"HARD 11",11.0,false,"EXPERT 12+",12.9,false,"INFERNO 14",14.0,false
"天使光輪","Tenshi Korin","HARDCORE TANO*C",true,,,"NORMAL 7",7.0,false,"HARD 11",11.0,false,"EXPERT 13",13.2,false,"INFERNO 14",14.1,false
"Ultra Red","","HARDCORE TANO*C",true,,,"NORMAL 3",3.0,false,"HARD 9",9.6,false,"EXPERT 12+",12.8,false,"INFERNO 0",0.0,
"サイクルヒット","Cycle Hit","HARDCORE TANO*C",true,,,"NORMAL 5",5.0,false,"HARD 10",10.5,false,"EXPERT 13",13.5,false,"INFERNO 0",0.0,
"Strange Bar","","HARDCORE TANO*C",true,,,"NORMAL 3",3.0,false,"HARD 10",10.2,false,"EXPERT 12+",12.8,false,"INFERNO 0",0.0,
"Murasaki","","HARDCORE TANO*C",true,,,"NORMAL 3",3.0,false,"HARD 7",7.5,false,"EXPERT 12",12.4,false,"INFERNO 0",0.0,
"Mazy Metroplex","","HARDCORE TANO*C",true,,,"NORMAL 4",4.0,false,"HARD 10+",10.8,false,"EXPERT 13+",13.7,false,"INFERNO 0",0.0,
"LOSE CONTROL","","HARDCORE TANO*C",true,,,"NORMAL 3",3.0,false,"HARD 8",8.1,false,"EXPERT 11",11.3,false,"INFERNO 0",0.0,
"†DOOF†SENC†","","HARDCORE TANO*C",true,,,"NORMAL 6",6.0,false,"HARD 10",10.4,false,"EXPERT 13",13.6,false,"INFERNO 0",0.0,
"Shiny Memory feat.Yukacco","","HARDCORE TANO*C",true,,,"NORMAL 3",3.0,false,"HARD 9+",9.8,false,"EXPERT 12",12.5,false,"INFERNO 0",0.0,
"BLVST BEVT","BLAST BEAT","HARDCORE TANO*C",true,,,"NORMAL 4",4.0,false,"HARD 10",10.0,false,"EXPERT 12",12.6,false,"INFERNO 0",0.0,
"JINGLE DEATH","","HARDCORE TANO*C",true,,,"NORMAL 4",4.0,false,"HARD 10",10.4,false,"EXPERT 13",13.2,false,"INFERNO 0",0.0,
"Invisible Frenzy","","HARDCORE TANO*C",true,,,"NORMAL 7",7.0,false,"HARD 11",11.0,false,"EXPERT 14",14.0,false,"INFERNO 0",0.0,
"VOX Diamond","","HARDCORE TANO*C",true,,,"NORMAL 4",4.0,false,"HARD 7+",7.9,false,"EXPERT 12",12.6,false,"INFERNO 0",0.0,
"Chariot","","HARDCORE TANO*C",true,,,"NORMAL 3",3.0,false,"HARD 8",8.6,false,"EXPERT 12",12.4,false,"INFERNO 0",0.0,
"Akareram","","HARDCORE TANO*C",true,,,"NORMAL 3",3.0,false,"HARD 8",8.5,false,"EXPERT 11+",11.7,false,"INFERNO 0",0.0,
"Galaxy Friends","","HARDCORE TANO*C",true,,,"NORMAL 4",4.0,false,"HARD 8+",8.9,false,"EXPERT 12+",12.7,false,"INFERNO 0",0.0,
"13 Donkeys","","HARDCORE TANO*C",true,,,"NORMAL 2",2.0,false,"HARD 8",8.4,false,"EXPERT 12",12.2,false,"INFERNO 0",0.0,
"ADAM","","HARDCORE TANO*C",true,,,"NORMAL 5",5.0,false,"HARD 10",10.2,false,"EXPERT 13",13.4,false,"INFERNO 0",0.0,
"ATARAX1A","ATARAXiA","HARDCORE TANO*C",true,,,"NORMAL 4",4.0,false,"HARD 8",8.6,false,"EXPERT 12",12.5,false,"INFERNO 0",0.0,
"HiGHER","","HARDCORE TANO*C",true,,,"NORMAL 3",3.0,false,"HARD 8",8.5,false,"EXPERT 12",12.2,false,"INFERNO 0",0.0,
"Source of Creation","","HARDCORE TANO*C",true,,,"NORMAL 3",3.0,false,"HARD 8",8.1,false,"EXPERT 11",11.3,false,"INFERNO 0",0.0,
"Exitium","","HARDCORE TANO*C",true,,,"NORMAL 6",6.0,false,"HARD 11",11.0,false,"EXPERT 14",14.1,false,"INFERNO 0",0.0,
"Blaze","","HARDCORE TANO*C",true,,,"NORMAL 3",3.0,false,"HARD 8+",8.7,false,"EXPERT 11+",11.7,false,"INFERNO 0",0.0,
"GRiDGALAXY","","HARDCORE TANO*C",true,,,"NORMAL 4",4.0,false,"HARD 8",8.3,false,"EXPERT 11",11.5,false,"INFERNO 0",0.0,
"Jingle","","HARDCORE TANO*C",true,,,"NORMAL 4",4.0,false,"HARD 9+",9.7,false,"EXPERT 11",11.3,false,"INFERNO 0",0.0,
"BATTLE NO.1","","HARDCORE TANO*C",true,,,"NORMAL 6",6.0,false,"HARD 10",10.5,false,"EXPERT 13+",13.7,false,"INFERNO 14",14.1,true
"LEVATEiN feat. 野宮あゆみ","LEVATEiN feat. Nomiya Ayumi","HARDCORE TANO*C",true,,,"NORMAL 4",4.0,false,"HARD 9",9.1,false,"EXPERT 12",12.5,false,"INFERNO 0",0.0,
"BIG HEAD BANGING","","HARDCORE TANO*C",true,,,"NORMAL 6",6.0,false,"HARD 11",11.0,false,"EXPERT 13+",13.8,false,"INFERNO 0",0.0,
"Knight Rider","","HARDCORE TANO*C",true,,,"NORMAL 6",6.0,false,"HARD 10+",10.9,false,"EXPERT 13",13.3,false,"INFERNO 0",0.0,
"PARALLEL★PRISM","","HARDCORE TANO*C",true,,,"NORMAL 3",3.0,false,"HARD 7+",7.7,false,"EXPERT 10+",10.8,false,"INFERNO 0",0.0,
"Rainbow Dream","","HARDCORE TANO*C",true,,,"NORMAL 3",3.0,false,"HARD 8+",8.7,false,"EXPERT 11",11.4,false,"INFERNO 0",0.0,
"Quon","","HARDCORE TANO*C",true,,,"NORMAL 5",5.0,false,"HARD 10",10.6,false,"EXPERT 12+",12.8,false,"INFERNO 13+",13.9,false
"Poseidon","","HARDCORE TANO*C",true,,,"NORMAL 5",5.0,false,"HARD 9+",9.9,false,"EXPERT 13+",13.8,false,"INFERNO 0",0.0,
"HELL FLAME","","HARDCORE TANO*C",true,,,"NORMAL 5",5.0,false,"HARD 10",10.4,false,"EXPERT 12+",12.7,false,"INFERNO 13+",13.9,true
"Gate One","","HARDCORE TANO*C",true,,,"NORMAL 4",4.0,false,"HARD 9",9.5,false,"EXPERT 12",12.0,false,"INFERNO 0",0.0,
"Over My Hand","","HARDCORE TANO*C",true,,,"NORMAL 3",3.0,false,"HARD 9",9.2,false,"EXPERT 11",11.1,false,"INFERNO 0",0.0,
"Are You Ready","","HARDCORE TANO*C",true,,,"NORMAL 4",4.0,false,"HARD 10",10.1,false,"EXPERT 12",12.5,false,"INFERNO 0",0.0,
"MEMORiZE","","HARDCORE TANO*C",true,,,"NORMAL 3",3.0,false,"HARD 8",8.1,false,"EXPERT 10",10.0,false,"INFERNO 0",0.0,
"illanai-assorted","","HARDCORE TANO*C",true,,,"NORMAL 4",4.0,false,"HARD 8+",8.9,false,"EXPERT 12+",12.9,false,"INFERNO 0",0.0,
"Sunshine","","HARDCORE TANO*C",true,,,"NORMAL 4",4.0,false,"HARD 8",8.2,false,"EXPERT 11",11.3,false,"INFERNO 0",0.0,
"BOOM! BOOM!! BOOM!!!","","HARDCORE TANO*C",true,,,"NORMAL 4",4.0,false,"HARD 10",10.6,false,"EXPERT 12",12.3,false,"INFERNO 0",0.0,
"Ever Free(Raw Edit)","","HARDCORE TANO*C",true,,,"NORMAL 3",3.0,false,"HARD 8",8.3,false,"EXPERT 10",10.1,false,"INFERNO 0",0.0,
"Try again","","HARDCORE TANO*C",true,,,"NORMAL 4",4.0,false,"HARD 8+",8.8,false,"EXPERT 10",10.6,false,"INFERNO 0",0.0,
"BLUE SKY feat. 野宮あゆみ","BLUE SKY feat. Nomiya Ayumi","HARDCORE TANO*C",true,,,"NORMAL 3",3.0,false,"HARD 7",7.6,false,"EXPERT 10",10.4,false,"INFERNO 0",0.0,
"Sound Chimera","","HARDCORE TANO*C",true,,,"NORMAL 5",5.0,false,"HARD 10+",10.8,false,"EXPERT 12+",12.8,false,"INFERNO 13+",13.9,false
"Soldiers","","HARDCORE TANO*C",true,,,"NORMAL 4",4.0,false,"HARD 8+",8.8,false,"EXPERT 11+",11.9,false,"INFERNO 0",0.0,
"Fight for the CORE feat. Daisuke","","HARDCORE TANO*C",true,,,"NORMAL 4",4.0,false,"HARD 10+",10.7,false,"EXPERT 12",12.6,false,"INFERNO 0",0.0,
"Shining Harmony","","HARDCORE TANO*C",true,,,"NORMAL 4",4.0,false,"HARD 9",9.6,false,"EXPERT 12",12.2,false,"INFERNO 0",0.0,