"@song-title","@song-title-english","@artist-name","@artist-name-english","@genre","@available-on-offline","@normal-level","@normal-constant","@normal-newer","@hard-level","@hard-constant","@hard-newer","@expert-level","@expert-constant","@expert-newer","@inferno-level","@inferno-constant","@inferno-newer"
"ヒトガタ","Hitogata","HIMEHINA","","ANIME/POP",false,"NORMAL 3",3.0,true,"HARD 9+",9.7,true,"EXPERT 12",12.6,true,"INFERNO 0",0.0,
"メニメニマニマニ","Many Many Money Money","高宮なすの(鳴海杏子)","Takamiya Nasuno (Narumi Kyoko)","ANIME/POP",false,"NORMAL 3",3.0,true,"HARD 7+",7.8,true,"EXPERT 12",12.3,true,"INFERNO 0",0.0,
"叩ケ 叩ケ 手ェ叩ケ","Tatake Tatake Te-tatake","SIRO","","ANIME/POP",false,"NORMAL 2",2.0,true,"HARD 7",7.3,true,"EXPERT 12",12.3,true,"INFERNO 13+",13.8,true
"Fly to NEW WORLD","","ミライアカリ","Mirai Akari","ANIME/POP",false,"NORMAL 3",3.0,true,"HARD 8",8.3,true,"EXPERT 12",12.2,true,"INFERNO 0",0.0,
"透明声彩","Toumei Seisai","YuNi","","ANIME/POP",false,"NORMAL 3",3.0,true,"HARD 7",7.6,true,"EXPERT 11+",11.8,true,"INFERNO 0",0.0,
"うっせぇわ","Ussee-wa","Ado","","ANIME/POP",false,"NORMAL 3",3.0,true,"HARD 9",9.6,true,"EXPERT 12",12.2,true,"INFERNO 13",13.2,true
"Fam☆Fam☆Time!","","ド葛本社","Dokuzu Honsha","ANIME/POP",false,"NORMAL 3",3.0,true,"HARD 8",8.2,true,"EXPERT 11+",11.9,true,"INFERNO 0",0.0,
"cœur","coeur","Polaris「アズールレーン」より","Polaris from 'Azur Lane'","ANIME/POP",true,"NORMAL 3",3.0,false,"HARD 8+",8.7,false,"EXPERT 12+",12.7,false,"INFERNO 0",0.0,
"私はNo 1！","Watashi wa No 1!","サンディエゴ（CV:伊藤あすか）「アズールレーン」より","San Diego (CV: Ito Asuka) from 'Azur Lane'","ANIME/POP",true,"NORMAL 3",3.0,false,"HARD 8",8.4,false,"EXPERT 12",12.3,false,"INFERNO 0",0.0,
"ソロモン・ナイト","Solomon Night","「アズールレーン」より","from 'Azur Lane'","ANIME/POP",true,"NORMAL 3",3.0,false,"HARD 7+",7.8,false,"EXPERT 13",13.4,false,"INFERNO 0",0.0,
"LOVE!HUG!GROOVY!!","","Happy Around!＆Peaky P-key 「D4DJ Groovy Mix」より","Happy Around! & Peaky P-key from 'D4DJ Groovy Mix'","ANIME/POP",false,"NORMAL 4",4.0,false,"HARD 8+",8.7,false,"EXPERT 12",12.4,false,"INFERNO 13",13.5,false
"Dig Delight!","","Happy Around! 「D4DJ Groovy Mix」より","Happy Around! from 'D4DJ Groovy Mix'","ANIME/POP",false,"NORMAL 3",3.0,false,"HARD 8",8.3,false,"EXPERT 11",11.4,false,"INFERNO 0",0.0,
"電乱★カウントダウン","Denran Countdown","Peaky P-key 「D4DJ Groovy Mix」より","Peaky P-key from 'D4DJ Groovy Mix'","ANIME/POP",false,"NORMAL 4",4.0,false,"HARD 7+",7.8,false,"EXPERT 12",12.5,false,"INFERNO 0",0.0,
"Photon Melodies","","Photon Maiden 「D4DJ Groovy Mix」より","Photon Maiden from 'D4DJ Groovy Mix'","ANIME/POP",false,"NORMAL 3",3.0,false,"HARD 7+",7.7,false,"EXPERT 11",11.5,false,"INFERNO 0",0.0,
"ぐるぐるDJ TURN!!","Guru-guru DJ TURN!!","Happy Around! feat. KYOKO & SAKI 「D4DJ Groovy Mix」より","Happy Around! feat. KYOKO & SAKI from 'D4DJ Groovy Mix'","ANIME/POP",false,"NORMAL 4",4.0,false,"HARD 10",10.1,false,"EXPERT 12+",12.8,false,"INFERNO 0",0.0,
"sister's noise","","fripSide","","ANIME/POP",false,"NORMAL 2",2.0,false,"HARD 6",6.0,false,"EXPERT 10",10.1,false,"INFERNO 0",0.0,
"なだめスかし Negotiation","Nadame Sukashi Negotiation","鹿乃と宇崎ちゃん","Kano and Uzaki-chan","ANIME/POP",false,"NORMAL 3",3.0,false,"HARD 7+",7.7,false,"EXPERT 11+",11.9,false,"INFERNO 0",0.0,
"サクリファイス","Sacrifice","まふまふ","Mafumafu","ANIME/POP",false,"NORMAL 3",3.0,false,"HARD 9",9.1,false,"EXPERT 12",12.2,false,"INFERNO 0",0.0,
"非実在系女子たちはどうすりゃいいですか？","Hi Jitsuzaikei Joshi Tachi wa Dousurya Iidesuka?","綾瀬理恵","Ayase Rie","ANIME/POP",false,"NORMAL 3",3.0,false,"HARD 8",8.5,false,"EXPERT 12",12.6,false,"INFERNO 0",0.0,
"ぺこみこ大戦争！！","Peko Miko Daisensou!!","REDALiCE feat. 兎田ぺこら&さくらみこ","REDALiCE feat. Usada Pekora & Sakura Miko","ANIME/POP",true,"NORMAL 4",4.0,false,"HARD 8",8.4,false,"EXPERT 11",11.2,false,"INFERNO 13",13.2,false
"Say!ファンファーレ!","Say! Fanfare!","白上フブキ","Shirakami Fubuki","ANIME/POP",false,"NORMAL 3",3.0,false,"HARD 8",8.6,false,"EXPERT 12",12.5,false,"INFERNO 0",0.0,
"NEXT COLOR PLANET","","星街すいせい","Hoshimachi Suisei","ANIME/POP",false,"NORMAL 2",2.0,false,"HARD 7",7.5,false,"EXPERT 12",12.6,false,"INFERNO 0",0.0,
"夢見る空へ","Yumemiru sora e","hololive IDOL PROJECT","","ANIME/POP",false,"NORMAL 2",2.0,false,"HARD 7+",7.7,false,"EXPERT 11",11.3,false,"INFERNO 0",0.0,
"お願いマッスル","Onegai Muscle","紗倉ひびき(CV：ファイルーズあい)＆街雄鳴造(CV：石川界人)","Sakura Hibiki (CV: Fayrouz Ai) & Machio Naruzo (CV: Ishikawa Kaito)","ANIME/POP",false,"NORMAL 1",1.0,false,"HARD 7+",7.7,false,"EXPERT 10+",10.7,false,"INFERNO 0",0.0,
"マッチョアネーム？","Macho a Name?","街雄鳴造（ＣＶ：石川界人）","Machio Naruzo (CV: Ishikawa Kaito)","ANIME/POP",false,"NORMAL 2",2.0,false,"HARD 6",6.6,false,"EXPERT 12+",12.7,false,"INFERNO 0",0.0,
"HELLO to DREAM","","井口裕香","Iguchi Yuka","ANIME/POP",false,"NORMAL 1",1.0,false,"HARD 6",6.5,false,"EXPERT 9+",9.7,false,"INFERNO 0",0.0,
"over and over","","井口裕香","Iguchi Yuka","ANIME/POP",false,"NORMAL 2",2.0,false,"HARD 7",7.5,false,"EXPERT 10",10.4,false,"INFERNO 0",0.0,
"トロピカッ☆バケーション","Tropica' Vacation","アイズ・ヴァレンシュタイン（cv.大西沙織）","Aiz Wallenstein (CV: Onishi Saori)","ANIME/POP",false,"NORMAL 2",2.0,false,"HARD 7",7.5,false,"EXPERT 10+",10.7,false,"INFERNO 0",0.0,
"秒針を噛む","Byoushin wo Kamu","ずっと真夜中でいいのに。","ZUTOMAYO / Zutto Mayonakade Inoni","ANIME/POP",false,"NORMAL 2",2.0,false,"HARD 6+",6.8,false,"EXPERT 11",11.0,false,"INFERNO 0",0.0,
"ないものねだり","Naimono-nedari","KANA-BOON","","ANIME/POP",false,"NORMAL 2",2.0,false,"HARD 7+",7.7,false,"EXPERT 11",11.1,false,"INFERNO 0",0.0,
"HOT LIMIT","","T.M.Revolution","","ANIME/POP",false,"NORMAL 3",3.0,false,"HARD 7+",7.9,false,"EXPERT 10",10.0,false,"INFERNO 0",0.0,
"キラメキライダー☆","Kirameki Rider","hololive IDOL PROJECT","","ANIME/POP",false,"NORMAL 2",2.0,false,"HARD 7",7.0,false,"EXPERT 11",11.5,false,"INFERNO 0",0.0,
"ガヴリールドロップキック","Gabriel Drop Kick","ガヴリール(CV:富田美憂)、ヴィーネ(CV:大西沙織)、サターニャ(CV:大空直美)、ラフィエル(CV:花澤香菜)","Gabriel Tenma White (CV: Tomita Miyu) & Vignette Tsukinose April (CV: Onishi Saori) & Satanichia Kurumizawa Mcdowell (CV: Ozora Naomi) & Raphiel Shiraha Ainsworth (CV: Hanazawa Kana)","ANIME/POP",false,"NORMAL 3",3.0,false,"HARD 6+",6.9,false,"EXPERT 11",11.0,false,"INFERNO 0",0.0,
"This game","","鈴木このみ","Suzuki Konomi","ANIME/POP",false,"NORMAL 2",2.0,false,"HARD 7",7.6,false,"EXPERT 10+",10.7,false,"INFERNO 0",0.0,
"RAGE OF DUST","","SPYAIR","","ANIME/POP",false,"NORMAL 3",3.0,false,"HARD 8",8.4,false,"EXPERT 9",9.6,false,"INFERNO 0",0.0,
"Make it！","","i☆Ris","","ANIME/POP",false,"NORMAL 1",1.0,false,"HARD 5",5.1,false,"EXPERT 9",9.4,false,"INFERNO 0",0.0,
"Make it！ (DJ Genki Remix)","","i☆Ris","","ANIME/POP",false,"NORMAL 3",3.0,false,"HARD 7+",7.8,false,"EXPERT 11",11.6,false,"INFERNO 0",0.0,
"キラッとスタート","Kira-tto Start","Run Girls, Run！","","ANIME/POP",false,"NORMAL 2",2.0,false,"HARD 7",7.4,false,"EXPERT 10",10.2,false,"INFERNO 0",0.0,
"キラッとスタート (USAO Remix)","Kira-tto Start (USAO Remix)","Run Girls, Run！","","ANIME/POP",false,"NORMAL 4",4.0,false,"HARD 8",8.2,false,"EXPERT 12",12.5,false,"INFERNO 0",0.0,
"ハート♥イロ♥トリドリ〜ム","Heart Iro Tori Dream","彩瀬なる（CV.加藤英美里）","Ayase Naru (CV: Kato Emiri)","ANIME/POP",false,"NORMAL 1",1.0,false,"HARD 6",6.0,false,"EXPERT 10",10.1,false,"INFERNO 0",0.0,
"ダダダダ天使","Da Da Da Da-tenshi","ナナヲアカリ","Nanawo Akari","ANIME/POP",false,"NORMAL 3",3.0,false,"HARD 7+",7.8,false,"EXPERT 12",12.0,false,"INFERNO 0",0.0,
"青空のラプソディ","Aozora no Rhapsody","fhána","fhana","ANIME/POP",false,"NORMAL 2",2.0,false,"HARD 6+",6.8,false,"EXPERT 9",9.3,false,"INFERNO 11",11.0,true
"Bravely You","","Lia","","ANIME/POP",false,"NORMAL 1",1.0,false,"HARD 6",6.5,false,"EXPERT 9",9.5,false,"INFERNO 0",0.0,
"ぼなぺてぃーと♡S","Bon Appetit S","ブレンド・A","Blend A","ANIME/POP",false,"NORMAL 2",2.0,false,"HARD 7+",7.7,false,"EXPERT 11",11.5,false,"INFERNO 0",0.0,
"デタラメなマイナスとプラスにおけるブレンド考","Detarame na Minus to Plus ni Okeru Blend Ko","ブレンド・A","Blend A","ANIME/POP",false,"NORMAL 2",2.0,false,"HARD 5+",5.7,false,"EXPERT 10",10.0,false,"INFERNO 0",0.0,
"輪廻転生","Rinne-tensho","まふまふ","Mafumafu","ANIME/POP",false,"NORMAL 3",3.0,false,"HARD 9",9.2,false,"EXPERT 12",12.3,false,"INFERNO 0",0.0,
"ストライク・ザ・ブラッド","Strike the blood","岸田教団&THE明星ロケッツ","Kishida Kyoudan & The Akeboshi Rockets","ANIME/POP",false,"NORMAL 3",3.0,false,"HARD 8+",8.7,false,"EXPERT 11+",11.7,false,"INFERNO 0",0.0,
"新宝島","Shin Takarajima","サカナクション","sakanaction","ANIME/POP",false,"NORMAL 1",1.0,false,"HARD 6",6.3,false,"EXPERT 9",9.4,false,"INFERNO 0",0.0,
"U.S.A.","","DA PUMP","","ANIME/POP",false,"NORMAL 2",2.0,false,"HARD 7",7.1,false,"EXPERT 10",10.2,false,"INFERNO 0",0.0,
"Shiny Smily Story","","hololive IDOL PROJECT","","ANIME/POP",false,"NORMAL 3",3.0,false,"HARD 6",6.5,false,"EXPERT 10",10.4,false,"INFERNO 0",0.0,
"Dream☆Story","","ときのそら","Tokino Sora","ANIME/POP",false,"NORMAL 2",2.0,false,"HARD 7",7.5,false,"EXPERT 11",11.2,false,"INFERNO 0",0.0,
"without U","","AZKi","","ANIME/POP",false,"NORMAL 3",3.0,false,"HARD 7",7.2,false,"EXPERT 10",10.2,false,"INFERNO 0",0.0,
"シャルル","Charles","バルーン","balloon","ANIME/POP",false,"NORMAL 3",3.0,false,"HARD 7",7.1,false,"EXPERT 10",10.3,false,"INFERNO 0",0.0,
"ドラマツルギー","Dramaturgy","Eve","","ANIME/POP",false,"NORMAL 2",2.0,false,"HARD 7",7.4,false,"EXPERT 10",10.1,false,"INFERNO 0",0.0,
"オドループ","OddLoop","フレデリック","Frederic","ANIME/POP",false,"NORMAL 3",3.0,false,"HARD 7+",7.9,false,"EXPERT 10",10.4,false,"INFERNO 0",0.0,
"only my railgun","","fripSide","","ANIME/POP",false,"NORMAL 3",3.0,false,"HARD 6+",6.7,false,"EXPERT 9",9.5,false,"INFERNO 0",0.0,
"残酷な天使のテーゼ","Zankoku na Tenshi no Thesis","高橋洋子","Takahashi Yoko,","ANIME/POP",false,"NORMAL 1",1.0,false,"HARD 5",5.3,false,"EXPERT 9",9.3,false,"INFERNO 0",0.0,
"ただ君に晴れ","Tada Kimi ni Hare","ヨルシカ","Yorushika","ANIME/POP",false,"NORMAL 3",3.0,false,"HARD 7",7.0,false,"EXPERT 9",9.6,false,"INFERNO 0",0.0,
"AIAIAI (feat. 中田ヤスタカ)","AIAIAI (feat. Nakata Yasutaka)","Kizuna AI","","ANIME/POP",false,"NORMAL 1",1.0,false,"HARD 6",6.4,false,"EXPERT 9",9.4,false,"INFERNO 0",0.0,
"Hello, Morning","","Kizuna AI","","ANIME/POP",false,"NORMAL 2",2.0,false,"HARD 7",7.1,false,"EXPERT 11",11.2,false,"INFERNO 0",0.0,
"Raise Your Heart!!","","亜咲花","Asaka","ANIME/POP",false,"NORMAL 3",3.0,false,"HARD 7",7.4,false,"EXPERT 10",10.6,false,"INFERNO 0",0.0,
"SHINY DAYS","","亜咲花","Asaka","ANIME/POP",false,"NORMAL 1",1.0,false,"HARD 5",5.2,false,"EXPERT 9",9.0,false,"INFERNO 0",0.0,
"ファティマ","Fatima","いとうかなこ","Ito Kanako","ANIME/POP",false,"NORMAL 2",2.0,false,"HARD 6+",6.8,false,"EXPERT 9",9.5,false,"INFERNO 0",0.0,
"回レ！雪月花","Maware! Setsugetsuka","歌組雪月花(夜々(原田ひとみ)・いろり(茅野愛衣)・小紫(小倉唯))","Utagumi Setsugetsuka {Yaya (CV: Harada Hitomi) & Irori (CV: Kayano Ai) & Komurasaki (CV: Ogura Yui)}","ANIME/POP",false,"NORMAL 2",2.0,false,"HARD 8",8.0,false,"EXPERT 11",11.0,false,"INFERNO 13+",13.8,true
"ファッとして桃源郷","Fatto-shite Tougenkyou","新庄かなえ（三森すずこ）","Shinjo Kanae (Mimori Suzuko)","ANIME/POP",false,"NORMAL 3",3.0,false,"HARD 9",9.3,false,"EXPERT 12",12.0,false,"INFERNO 0",0.0,
"TOMORROW","","Machico","","ANIME/POP",false,"NORMAL 3",3.0,false,"HARD 8",8.0,false,"EXPERT 10",10.4,false,"INFERNO 0",0.0,
"メルト","Melt","supercell","","VOCALOID",false,"NORMAL 3",3.0,true,"HARD 8+",8.7,true,"EXPERT 12",12.6,true,"INFERNO 0",0.0,
"天樂","Tengaku","ゆうゆ","Yuuyu","VOCALOID",false,"NORMAL 3",3.0,true,"HARD 8",8.6,true,"EXPERT 12+",12.7,true,"INFERNO 0",0.0,
"吉原ラメント","Yoshiwara Lament","亜沙","Asa","VOCALOID",false,"NORMAL 3",3.0,true,"HARD 8",8.3,true,"EXPERT 12",12.4,true,"INFERNO 0",0.0,
"ワールズエンド・ダンスホール","World's End Dancehall","wowaka","","VOCALOID",false,"NORMAL 3",3.0,true,"HARD 8",8.6,true,"EXPERT 12",12.5,true,"INFERNO 0",0.0,
"炉心融解","Roshin Yuukai","iroha","","VOCALOID",false,"NORMAL 2",2.0,true,"HARD 8",8.6,true,"EXPERT 12",12.2,true,"INFERNO 0",0.0,
"∞(2018Remake)","Infinity (2018Remake)","cosMo＠暴走P feat.初音ミク","cosMo@Bousou-P feat. Hatsune Miku","VOCALOID",false,"NORMAL 3",3.0,true,"HARD 8+",8.7,true,"EXPERT 13+",13.8,true,"INFERNO 0",0.0,
"ちがう!!!","Chigau!!!","ダイナミック自演ズ","Dynamic Jienzu","VOCALOID",false,"NORMAL 4",4.0,true,"HARD 9+",9.7,true,"EXPERT 12",12.4,true,"INFERNO 0",0.0,
"おねがいダーリン","Onegai Darling","OИE (song by ナナホシ管弦楽団)","ONE (song by Nanahoshi Kangengakudan)","VOCALOID",false,"NORMAL 4",4.0,true,"HARD 9",9.3,true,"EXPERT 11",11.6,true,"INFERNO 0",0.0,
"怪盗Fの台本（シナリオ）〜消えたダイヤの謎〜","Kaitou F no Daihon(Scenario) -Kieta Diamond no Nazo-","ひとしずく×やま△","Hitoshizuku-P × Yamasankakkei","VOCALOID",false,"NORMAL 3",3.0,true,"HARD 9",9.1,true,"EXPERT 13+",13.7,true,"INFERNO 0",0.0,
"KING","","Kanaria","","VOCALOID",false,"NORMAL 2",2.0,true,"HARD 8",8.0,true,"EXPERT 11",11.6,true,"INFERNO 0",0.0,
"ダーリンダンス","Darling Dance","かいりきベア","Kairiki Bear","VOCALOID",false,"NORMAL 2",2.0,true,"HARD 8+",8.7,true,"EXPERT 12+",12.8,true,"INFERNO 0",0.0,
"トリノコシティ","Torinoko City","40mP","","VOCALOID",false,"NORMAL 3",3.0,true,"HARD 7+",7.7,true,"EXPERT 12",12.2,true,"INFERNO 0",0.0,
"サマータイムレコード","Summer-time Record","じん","Jin","VOCALOID",false,"NORMAL 3",3.0,true,"HARD 7+",7.8,true,"EXPERT 11+",11.9,true,"INFERNO 0",0.0,
"テレキャスタービーボーイ","Telecaster B-Boy","すりぃ feat.鏡音レン","Surii / Three feat. Kagamine Len","VOCALOID",false,"NORMAL 3",3.0,false,"HARD 8+",8.9,false,"EXPERT 11+",11.9,false,"INFERNO 0",0.0,
"フィクサー","Fixer","ぬゆり","Nuyuri","VOCALOID",false,"NORMAL 3",3.0,false,"HARD 7",7.3,false,"EXPERT 12+",12.9,false,"INFERNO 0",0.0,
"バレリーコ","Barerii-ko","みきとP","Mikito-P","VOCALOID",false,"NORMAL 3",3.0,false,"HARD 8",8.2,false,"EXPERT 11",11.6,false,"INFERNO 0",0.0,
"だれかの心臓になれたなら","Dareka no Shinzou ni Nareta Nara","ユリイ・カノン feat.GUMI","YurryCanon feat. GUMI","VOCALOID",false,"NORMAL 3",3.0,false,"HARD 7+",7.8,false,"EXPERT 12",12.1,false,"INFERNO 0",0.0,
"六兆年と一夜物語","Rokucho-nen to ichiya monogatari","kemu","","VOCALOID",false,"NORMAL 4",4.0,false,"HARD 8+",8.9,false,"EXPERT 12",12.5,false,"INFERNO 0",0.0,
"ワールドイズマイン","World is Mine","supercell","","VOCALOID",false,"NORMAL 3",3.0,false,"HARD 8",8.3,false,"EXPERT 11",11.6,false,"INFERNO 0",0.0,
"進捗どうですか！","Shinchoku Doudesu-ka!","オワタP","Owata-P","VOCALOID",false,"NORMAL 3",3.0,false,"HARD 7",7.3,false,"EXPERT 12+",12.8,false,"INFERNO 0",0.0,
"ぼくらの16bit戦争","Bokurano 16bit Sensou","sasakure.UK","","VOCALOID",false,"NORMAL 4",4.0,false,"HARD 9",9.1,false,"EXPERT 13",13.4,false,"INFERNO 0",0.0,
"隔絶≡タナトス","Kakuzetsu Thanatos","ろひ","Rohi-P","VOCALOID",false,"NORMAL 4",4.0,false,"HARD 8",8.5,false,"EXPERT 13",13.5,false,"INFERNO 0",0.0,
"アスノヨゾラ哨戒班","Asu no Yozora Shokaihan","Orangestar feat.IA","","VOCALOID",false,"NORMAL 3",3.0,false,"HARD 7",7.6,false,"EXPERT 11+",11.9,false,"INFERNO 0",0.0,
"ヒビカセ","Hibikase","GigaReol","","VOCALOID",false,"NORMAL 3",3.0,false,"HARD 8",8.4,false,"EXPERT 12",12.3,false,"INFERNO 0",0.0,
"脳漿炸裂ガール","Noushou Sakuretsu Girl","れるりり","rerulili","VOCALOID",false,"NORMAL 5",5.0,false,"HARD 9",9.5,false,"EXPERT 13",13.5,false,"INFERNO 0",0.0,
"ポジティブ☆ダンスタイム","Positive Dance-Time","キノシタ(kinoshita) feat.音街ウナ・鏡音リン","kinoshita feat. Otomachi Una & Kagamine Rin","VOCALOID",false,"NORMAL 3",3.0,false,"HARD 8+",8.9,false,"EXPERT 11",11.6,false,"INFERNO 0",0.0,
"Gimme×Gimme feat. 初音ミク・鏡音リン","Gimme-Gimme feat. Hatsune Miku & Kagamine Rin","八王子P × Giga","Hachioji-P × Giga","VOCALOID",false,"NORMAL 2",2.0,false,"HARD 8",8.1,false,"EXPERT 12",12.0,false,"INFERNO 0",0.0,
"39みゅーじっく！","39 music!","みきとP","Mikito-P","VOCALOID",false,"NORMAL 2",2.0,false,"HARD 7",7.4,false,"EXPERT 10+",10.9,false,"INFERNO 0",0.0,
"ブリキノダンス","Buriki no Dance","日向電工","Hinata Electric Works","VOCALOID",false,"NORMAL 3",3.0,false,"HARD 7+",7.9,false,"EXPERT 12",12.3,false,"INFERNO 0",0.0,
"チュルリラ・チュルリラ・ダッダッダ！","Chururira Chururira Da-da-da!","和田たけあき(くらげP)","Wada Takeaki (Kurage-P)","VOCALOID",false,"NORMAL 4",4.0,false,"HARD 8",8.3,false,"EXPERT 12",12.4,false,"INFERNO 0",0.0,
"おばけのウケねらい","Obake no Uke-nerai","ピノキオピー","ピノキオピー","VOCALOID",false,"NORMAL 3",3.0,false,"HARD 8",8.0,false,"EXPERT 11+",11.7,false,"INFERNO 0",0.0,
"ベノム","Venom","かいりきベア","Kairiki Bear","VOCALOID",false,"NORMAL 3",3.0,false,"HARD 7",7.5,false,"EXPERT 12",12.1,false,"INFERNO 0",0.0,
"リアル初音ミクの消失","Real Hatsune Miku no Shoushitsu","cosMo@暴走P","cosMo@Bousou-P","VOCALOID",false,"NORMAL 6",6.0,false,"HARD 10",10.2,false,"EXPERT 13+",13.7,false,"INFERNO 0",0.0,
"セツナトリップ","Setsuna Trip","Last Note.","","VOCALOID",false,"NORMAL 3",3.0,false,"HARD 9",9.0,false,"EXPERT 12",12.1,false,"INFERNO 0",0.0,
"カゲロウデイズ","Kagerou Daze","じん(自然の敵P)","Jin (Shizen no Teki-P)","VOCALOID",false,"NORMAL 4",4.0,false,"HARD 9",9.5,false,"EXPERT 11",11.3,false,"INFERNO 0",0.0,
"天ノ弱","Amanojaku","164","","VOCALOID",false,"NORMAL 3",3.0,false,"HARD 7",7.3,false,"EXPERT 10",10.1,false,"INFERNO 0",0.0,
"ゴーストルール","Ghost Rule","DECO*27","","VOCALOID",false,"NORMAL 3",3.0,false,"HARD 9",9.0,false,"EXPERT 11",11.6,false,"INFERNO 0",0.0,
"ロストワンの号哭","Lost One no Goukoku","Neru","","VOCALOID",false,"NORMAL 4",4.0,false,"HARD 8",8.3,false,"EXPERT 12",12.2,false,"INFERNO 0",0.0,
"いーあるふぁんくらぶ","Yi Er Fanclub","みきとP","Mikito-P","VOCALOID",false,"NORMAL 2",2.0,false,"HARD 6",6.5,false,"EXPERT 10",10.0,false,"INFERNO 0",0.0,
"初音ミクの消失","Hatsune Miku no Shoshitsu","cosMo@暴走P","cosMo@Bousou-P","VOCALOID",false,"NORMAL 5",5.0,false,"HARD 10",10.6,false,"EXPERT 13+",13.8,false,"INFERNO 0",0.0,
"アカリがやってきたぞっ","Akari ga Yatte Kita-zo!","GYARI(ココアシガレットP)","GYARI (Cocoa Cigarette-P)","VOCALOID",false,"NORMAL 3",3.0,false,"HARD 8",8.5,false,"EXPERT 11",11.2,false,"INFERNO 0",0.0,
"太陽系デスコ","Taiyou-kei Disco","ナユタン星人","Nayutan Seijin","VOCALOID",false,"NORMAL 2",2.0,false,"HARD 7",7.4,false,"EXPERT 10+",10.7,false,"INFERNO 0",0.0,
"幸せになれる隠しコマンドがあるらしい","Shiawase ni Nareru Kakushi Command ga Aru Rashii","うたたP","Utata-P","VOCALOID",false,"NORMAL 5",5.0,false,"HARD 10",10.5,false,"EXPERT 13",13.3,false,"INFERNO 0",0.0,
"千本桜","Senbon-zakura","黒うさP feat. 初音ミク","Kurousa-P feat. Hatsune Miku","VOCALOID",false,"NORMAL 2",2.0,false,"HARD 7+",7.9,false,"EXPERT 10",10.4,false,"INFERNO 0",0.0,
"エイリアンエイリアン","Alien Alien","ナユタン星人 feat. 初音ミク","Nayutan Seijin feat. Hatsune Miku","VOCALOID",false,"NORMAL 2",2.0,false,"HARD 6+",6.7,false,"EXPERT 10",10.5,false,"INFERNO 0",0.0,
"砂の惑星 feat. 初音ミク","Suna no Wakusei feat. Hatsune Miku","ハチ","Hachi","VOCALOID",false,"NORMAL 3",3.0,false,"HARD 8+",8.7,false,"EXPERT 10",10.5,false,"INFERNO 0",0.0,
"マトリョシカ","Matryoshka","ハチ","Hachi","VOCALOID",false,"NORMAL 3",3.0,false,"HARD 8",8.2,false,"EXPERT 10",10.4,false,"INFERNO 0",0.0,
"Seyana. ～何でも言うことを聞いてくれるアカネチャン～","Seyana. - Nandemo Iukoto wo Kiite Kureru Akane-chan -","GYARI(ココアシガレットP)","GYARI (Cocoa Cigarette-P)","VOCALOID",false,"NORMAL 2",2.0,false,"HARD 9",9.3,false,"EXPERT 11+",11.7,false,"INFERNO 0",0.0,
"フラジール","Fragile","ぬゆり","Nuyuri","VOCALOID",false,"NORMAL 1",1.0,false,"HARD 7",7.0,false,"EXPERT 10",10.3,false,"INFERNO 0",0.0,
"ロキ","Roki","みきとP","Mikito-P","VOCALOID",false,"NORMAL 4",4.0,false,"HARD 9",9.4,false,"EXPERT 11",11.6,false,"INFERNO 0",0.0,
"ウミユリ海底譚","Umiyuri Kaitei-tan","n-buna","","VOCALOID",false,"NORMAL 1",1.0,false,"HARD 7",7.1,false,"EXPERT 10",10.2,false,"INFERNO 0",0.0,
"Grip & Break down !!","","SOUND HOLIC feat. Nana Takahashi","","TOUHOU ARRANGE",true,"NORMAL 3",3.0,true,"HARD 8",8.5,true,"EXPERT 12",12.0,true,"INFERNO 0",0.0,
"CENSORED!!","","t+pazolite","","TOUHOU ARRANGE",true,"NORMAL 4",4.0,true,"HARD 8+",8.7,true,"EXPERT 13",13.4,true,"INFERNO 0",0.0,
"Crime Wave","","REDALiCE feat. 野宮あゆみ","REDALiCE feat. Nomiya Ayumi","TOUHOU ARRANGE",true,"NORMAL 3",3.0,true,"HARD 8",8.1,true,"EXPERT 12+",12.7,true,"INFERNO 0",0.0,
"チルノは覚醒サマーデイズ！","Cirno wa Kakusei Summer Days!","森羅万象","Shinra-Bansho","TOUHOU ARRANGE",true,"NORMAL 3",3.0,false,"HARD 8",8.6,false,"EXPERT 12",12.3,false,"INFERNO 0",0.0,
"エピクロスの虹はもう見えない","Epikouros no Niji wa Mou Mienai","SYNC.ART'S feat. 美里","SYNC.ART'S feat. Misato","TOUHOU ARRANGE",true,"NORMAL 3",3.0,false,"HARD 8",8.4,false,"EXPERT 11",11.3,false,"INFERNO 0",0.0,
"ARROW RAIN feat.ayame","","Masayoshi Minoshima(Alstroemeria Records)","","TOUHOU ARRANGE",true,"NORMAL 5",5.0,false,"HARD 9",9.2,false,"EXPERT 12",12.6,false,"INFERNO 0",0.0,
"四次元跳躍機関","Yo-jigen Chouyaku Kikan","koutaq","","TOUHOU ARRANGE",true,"NORMAL 2",2.0,false,"HARD 9",9.1,false,"EXPERT 12+",12.7,false,"INFERNO 0",0.0,
"Destructive Little Sister","","Kobaryo","","TOUHOU ARRANGE",true,"NORMAL 5",5.0,false,"HARD 10+",10.9,false,"EXPERT 13+",13.9,false,"INFERNO 0",0.0,
"物凄い勢いでけーねが物凄いうた","Monosugoi Ikioi de Keine ga Monosugoi Uta","Halozy","","TOUHOU ARRANGE",true,"NORMAL 4",4.0,false,"HARD 9+",9.9,false,"EXPERT 12",12.2,false,"INFERNO 0",0.0,
"患部で止まってすぐ溶ける ～ 狂気の優曇華院","Kanbu de Tomatte Sugu Tokeru - Kyouki no Udongein","ARM＋夕野ヨシミ (IOSYS) feat. miko","ARM + Yuno Yoshimi (IOSYS) feat. miko","TOUHOU ARRANGE",true,"NORMAL 3",3.0,false,"HARD 9+",9.8,false,"EXPERT 13",13.2,false,"INFERNO 0",0.0,
"Scream out!","","A-One","","TOUHOU ARRANGE",true,"NORMAL 4",4.0,false,"HARD 8",8.1,false,"EXPERT 12+",12.8,false,"INFERNO 0",0.0,
"ホイホイ☆幻想ホロイズム","Hoi-hoi Gensou Holo-ism","宝鐘マリン with ホロイズムファンタジー","Houshou Marine with Holo-ism Fantasy","TOUHOU ARRANGE",true,"NORMAL 3",3.0,false,"HARD 7+",7.7,false,"EXPERT 12+",12.7,false,"INFERNO 0",0.0,
"Help me, ERINNNNNN!!","","ビートまりお（COOL&CREATE）","Beat Mario (COOL&CREATE)","TOUHOU ARRANGE",true,"NORMAL 3",3.0,false,"HARD 7+",7.7,false,"EXPERT 11",11.6,false,"INFERNO 0",0.0,
"進捗どうですか？","Shinchoku Doudesu-ka?","sumijun(Halozy) feat. ななひら(Confetto)","sumijun(Halozy) feat. nanahira(Confetto)","TOUHOU ARRANGE",true,"NORMAL 3",3.0,false,"HARD 8",8.6,false,"EXPERT 12",12.5,false,"INFERNO 0",0.0,
"Sweet Requiem","","REDALiCE & aran","","TOUHOU ARRANGE",true,"NORMAL 3",3.0,false,"HARD 9",9.2,false,"EXPERT 12+",12.7,false,"INFERNO 0",0.0,
"明星ロケット","Akeboshi Rocket","岸田教団&THE明星ロケッツ","Kishida Kyoudan & The Akeboshi Rockets","TOUHOU ARRANGE",true,"NORMAL 2",2.0,false,"HARD 7",7.5,false,"EXPERT 11+",11.7,false,"INFERNO 0",0.0,
"ゆけむり魂温泉 II","Yukemuri Tamaonsen II","魂音泉","Tamaonsen","TOUHOU ARRANGE",true,"NORMAL 3",3.0,false,"HARD 7",7.5,false,"EXPERT 12",12.0,false,"INFERNO 0",0.0,
"Calamity Fortune","","LeaF","","TOUHOU ARRANGE",true,"NORMAL 4",4.0,false,"HARD 10",10.0,false,"EXPERT 13+",13.7,false,"INFERNO 0",0.0,
"ケロ⑨Destiny","Kero 9 Destiny","Silver Forest","","TOUHOU ARRANGE",true,"NORMAL 2",2.0,false,"HARD 6",6.2,false,"EXPERT 11+",11.7,false,"INFERNO 0",0.0,
"風に乗せた願い","Kaze ni Noseta Negai","豚乙女","Butaotome","TOUHOU ARRANGE",true,"NORMAL 3",3.0,false,"HARD 7",7.1,false,"EXPERT 10",10.3,false,"INFERNO 0",0.0,
"LOVE EAST","","暁Records","Akatsuki Records","TOUHOU ARRANGE",true,"NORMAL 3",3.0,false,"HARD 7",7.3,false,"EXPERT 11",11.0,false,"INFERNO 0",0.0,
"天狗の落とし文 feat. ytr","Tengu no Otoshi-bumi feat. ytr","魂音泉","Tamaonsen","TOUHOU ARRANGE",true,"NORMAL 3",3.0,false,"HARD 8",8.2,false,"EXPERT 12",12.1,false,"INFERNO 0",0.0,
"神寂","Shinjaku","t+pazolite","","TOUHOU ARRANGE",true,"NORMAL 4",4.0,false,"HARD 10+",10.8,false,"EXPERT 13",13.5,false,"INFERNO 0",0.0,
"悪戯センセーション","Itazura Sensation","森羅万象","Shinra-Bansho","TOUHOU ARRANGE",true,"NORMAL 2",2.0,false,"HARD 8",8.6,false,"EXPERT 12",12.3,false,"INFERNO 0",0.0,
"ナイト・オブ・ナイツ (かめりあ’s“ワンス・アポン・ア・ナイト”Remix)","Night/Knight of Nights/Knights (Camellia's Once-Upon-A-Night Remix)","かめりあ","Camellia","TOUHOU ARRANGE",true,"NORMAL 5",5.0,false,"HARD 10",10.5,false,"EXPERT 13",13.1,false,"INFERNO 0",0.0,
"Mami Mami Zone","","REDALiCE feat. 野宮あゆみ","REDALiCE feat. Nomiya Ayumi","TOUHOU ARRANGE",true,"NORMAL 4",4.0,false,"HARD 9",9.2,false,"EXPERT 11",11.4,false,"INFERNO 0",0.0,
"チルノのパーフェクトさんすう教室","Cirno no Perfect Sansuu Kyoshitsu","ARM＋夕野ヨシミ (IOSYS) feat. miko","ARM + Yuno Yoshimi (IOSYS) feat. miko","TOUHOU ARRANGE",true,"NORMAL 3",3.0,false,"HARD 9",9.2,false,"EXPERT 11",11.5,false,"INFERNO 0",0.0,
"待チ人ハ来ズ。","Machi-bito wa Kozu.","豚乙女","Butaotome","TOUHOU ARRANGE",true,"NORMAL 2",2.0,false,"HARD 6",6.4,false,"EXPERT 10",10.5,false,"INFERNO 0",0.0,
"taboo tears you up 2017","","REDALiCE","","TOUHOU ARRANGE",true,"NORMAL 4",4.0,false,"HARD 9+",9.8,false,"EXPERT 12",12.4,false,"INFERNO 0",0.0,
"Bad Apple!! feat. nomico","","Masayoshi Minoshima","","TOUHOU ARRANGE",true,"NORMAL 1",1.0,false,"HARD 5",5.5,false,"EXPERT 9",9.3,false,"INFERNO 0",0.0,
"ナイト・オブ・ナイツ","Night/Knight of Nights/Knights","ビートまりお（COOL&CREATE）","Beat Mario (COOL&CREATE)","TOUHOU ARRANGE",true,"NORMAL 3",3.0,false,"HARD 9",9.0,false,"EXPERT 12",12.0,false,"INFERNO 0",0.0,
"WARNING×WARNING×WARNING","","暁Records","Akatsuki Records","TOUHOU ARRANGE",true,"NORMAL 3",3.0,false,"HARD 7+",7.7,false,"EXPERT 11",11.5,false,"INFERNO 0",0.0,
"シャカリキ・ファイト・ブンブン","Shakariki Fight Bun-bun","ミュージカル『テニスの王子様』3rdシーズン","Musical 'The Prince of Tennis' 3rd Season","ANIME MUSICAL",false,"NORMAL 3",3.0,false,"HARD 6+",6.7,false,"EXPERT 11+",11.7,false,"INFERNO 0",0.0,
"ニュー・ウェーブ","New Wave","ミュージカル『テニスの王子様』3rdシーズン","Musical 'The Prince of Tennis' 3rd Season","ANIME MUSICAL",false,"NORMAL 2",2.0,false,"HARD 6",6.1,false,"EXPERT 9",9.3,false,"INFERNO 0",0.0,
"ガンガン・ドンドン","Gan-gan Don-don","ミュージカル『テニスの王子様』3rdシーズン","Musical 'The Prince of Tennis' 3rd Season","ANIME MUSICAL",false,"NORMAL 2",2.0,false,"HARD 6",6.0,false,"EXPERT 9+",9.7,false,"INFERNO 0",0.0,
"スマイル・アンド・ティアズ","Smile and Tears","ミュージカル『テニスの王子様』3rdシーズン","Musical 'The Prince of Tennis' 3rd Season","ANIME MUSICAL",false,"NORMAL 2",2.0,false,"HARD 6",6.1,false,"EXPERT 9",9.5,false,"INFERNO 0",0.0,
"STILL HOT IN MY HEART","","ミュージカル『テニスの王子様』3rdシーズン","Musical 'The Prince of Tennis' 3rd Season","ANIME MUSICAL",false,"NORMAL 3",3.0,false,"HARD 7",7.3,false,"EXPERT 10",10.3,false,"INFERNO 0",0.0,
"Over the sweat and tears","","舞台『弱虫ペダル』キャスト","Musical 'Yowamushi Pedal' Casts","ANIME MUSICAL",false,"NORMAL 1",1.0,false,"HARD 5",5.6,false,"EXPERT 9",9.4,false,"INFERNO 0",0.0,
"ファムファタール","Femme Fatale","ギルガメッシュ（CV：大塚剛央）、千極兆司（CV：立花慎之介）、緋野天魔（CV：小野賢章）、神水鶴久遠（CV：広瀬裕也）、皇麗夢（CV：豊永利行）","Gilgamesh (CV: Otsuka Takeo) & Sengoku Choji (CV: Tachibana Shinnosuke) & Hino Tenma (CV: Ono Kensho) & Kamizuki Kuon (CV: Hirose Yuya) & Sumeragi Reimu (CV: Toyonaga Toshiyuki)","VARIETY",true,"NORMAL 3",3.0,true,"HARD 8",8.0,true,"EXPERT 11",11.1,true,"INFERNO 0",0.0,
"アゲナゲン","Agenagen","餓鬼レンジャー feat. 梅田サイファー","Gaki Ranger feat. UmedaCypher","VARIETY",true,"NORMAL 4",4.0,true,"HARD 10",10.5,true,"EXPERT 13",13.5,true,"INFERNO 0",0.0,
"花たちに希望を","Hana Tachi ni Kibou wo","Sound piercer feat.DAZBEE","","VARIETY",true,"NORMAL 3",3.0,true,"HARD 9+",9.8,true,"EXPERT 12",12.4,true,"INFERNO 0",0.0,
"NightTheater","","わかどり","*wakadori","VARIETY",true,"NORMAL 3",3.0,true,"HARD 10",10.0,true,"EXPERT 13",13.0,true,"INFERNO 0",0.0,
"恋のMoonlight","Koi no Moonlight","REDALiCE feat. 犬山たまき","REDALiCE feat. Inuyama Tamaki","VARIETY",true,"NORMAL 2",2.0,true,"HARD 8",8.0,true,"EXPERT 11+",11.8,true,"INFERNO 0",0.0,
"Comet Coaster","","DJ Noriken & aran","","VARIETY",true,"NORMAL 5",5.0,true,"HARD 9+",9.9,true,"EXPERT 13",13.3,true,"INFERNO 0",0.0,
"XODUS","","DJ Myosuke & Gram","","VARIETY",true,"NORMAL 5",5.0,true,"HARD 11",11.0,true,"EXPERT 14",14.0,true,"INFERNO 0",0.0,
"Lights of Muse","","Ayatsugu_Otowa","","VARIETY",true,"NORMAL 3",3.0,true,"HARD 9+",9.9,true,"EXPERT 12",12.0,true,"INFERNO 0",0.0,
"The 90's Decision","","MYUKKE.","","VARIETY",true,"NORMAL 4",4.0,true,"HARD 9",9.5,true,"EXPERT 13",13.5,true,"INFERNO 0",0.0,
"粉骨砕身カジノゥ","Funkotsu-saishin Casino","モリモリあつし","Morimori Atsushi","VARIETY",true,"NORMAL 3",3.0,true,"HARD 8",8.1,true,"EXPERT 13",13.6,true,"INFERNO 0",0.0,
"Avant Raze","","Sampling Masters MEGA","","VARIETY",true,"NORMAL 3",3.0,true,"HARD 8",8.0,true,"EXPERT 12",12.6,true,"INFERNO 0",0.0,
"#1f1e33","Color Code","かめりあ(EDP)","Camellia (EDP)","VARIETY",true,"NORMAL 3",3.0,true,"HARD 10+",10.9,true,"EXPERT 13+",13.9,true,"INFERNO 0",0.0,
"Arcahv","","Feryquitous","","VARIETY",true,"NORMAL 3",3.0,true,"HARD 10",10.5,true,"EXPERT 13",13.6,true,"INFERNO 0",0.0,
"最強STRONGER","Saikyou STRONGER","REDALiCE vs USAO","","VARIETY",true,"NORMAL 5",5.0,true,"HARD 10",10.6,true,"EXPERT 14",14.0,true,"INFERNO 0",0.0,
"Let you DIVE! (nitro rmx)","","nitro (lowiro)","","VARIETY",true,"NORMAL 4",4.0,true,"HARD 8+",8.7,true,"EXPERT 12+",12.8,true,"INFERNO 0",0.0,
"Sheriruth (Laur Remix)","","Laur","","VARIETY",true,"NORMAL 4",4.0,true,"HARD 10",10.3,true,"EXPERT 13",13.3,true,"INFERNO 0",0.0,
"さんさーら！","Samsara!","ARuFa","","VARIETY",false,"NORMAL 2",2.0,false,"HARD 7+",7.9,false,"EXPERT 12",12.4,false,"INFERNO 0",0.0,
"Night Club Junkie","","YUC'e","","VARIETY",false,"NORMAL 2",2.0,false,"HARD 6+",6.8,false,"EXPERT 12",12.5,false,"INFERNO 0",0.0,
"PUPA","","モリモリあつし","Morimori Atsushi","VARIETY",true,"NORMAL 4",4.0,false,"HARD 8",8.6,false,"EXPERT 13+",13.7,false,"INFERNO 0",0.0,
"Destr0yer","","削除 feat Nikki Simmons","Sakuzyo feat Nikki Simmons","VARIETY",true,"NORMAL 5",5.0,false,"HARD 8+",8.7,false,"EXPERT 13",13.0,false,"INFERNO 0",0.0,
"もぺもぺ","Mopemope","LeaF","","VARIETY",true,"NORMAL 4",4.0,false,"HARD 8",8.2,false,"EXPERT 12+",12.7,false,"INFERNO 0",0.0,
"MAGENTA POTION","","EmoCosine","","VARIETY",true,"NORMAL 4",4.0,false,"HARD 8",8.1,false,"EXPERT 12",12.6,false,"INFERNO 0",0.0,
"進捗WARS feat．ビートまりお","Shinchoku WARS feat. Beat Mario","ARM(IOSYS)","","VARIETY",true,"NORMAL 3",3.0,false,"HARD 7",7.0,false,"EXPERT 11",11.5,false,"INFERNO 0",0.0,
"Apocalypse","","アリスシャッハと魔法の楽団 ｢Lanota｣より","Alice Schach and the Magic Orchestra from 'Lanota'","VARIETY",true,"NORMAL 2",2.0,false,"HARD 7",7.6,false,"EXPERT 12",12.4,false,"INFERNO 0",0.0,
"You are the Miserable","","t+pazolite ｢Lanota｣より","t+pazolite from 'Lanota'","VARIETY",true,"NORMAL 3",3.0,false,"HARD 10",10.0,false,"EXPERT 13+",13.9,false,"INFERNO 0",0.0,
"Stasis","","Maozon ｢Lanota｣より","Maozon from 'Lanota'","VARIETY",true,"NORMAL 3",3.0,false,"HARD 10",10.2,false,"EXPERT 13",13.6,false,"INFERNO 0",0.0,
"Rainmaker","","Kamome sano ｢Lanota｣より","Kamome sano from 'Lanota'","VARIETY",true,"NORMAL 4",4.0,false,"HARD 9+",9.9,false,"EXPERT 13",13.5,false,"INFERNO 0",0.0,
"Weg","","ユアミトス ｢Lanota｣より","yourmythos from 'Lanota'","VARIETY",true,"NORMAL 3",3.0,false,"HARD 8",8.6,false,"EXPERT 12",12.3,false,"INFERNO 0",0.0,
"From Zero feat. 利香","","Neko Hacker","","VARIETY",true,"NORMAL 3",3.0,false,"HARD 7+",7.7,false,"EXPERT 11+",11.8,false,"INFERNO 0",0.0,
"PRESS START!","","KOTONOHOUSE","","VARIETY",false,"NORMAL 4",4.0,false,"HARD 8+",8.7,false,"EXPERT 12+",12.7,false,"INFERNO 0",0.0,
"TWISTSTEP","","Pa's Lam System","","VARIETY",false,"NORMAL 3",3.0,false,"HARD 8+",8.8,false,"EXPERT 12+",12.7,false,"INFERNO 0",0.0,
"Future Cαndy","Future Candy","YUC'e","","VARIETY",false,"NORMAL 3",3.0,false,"HARD 9",9.1,false,"EXPERT 12+",12.7,false,"INFERNO 0",0.0,
"Fish Fight!","","野猿","Yaen","VARIETY",false,"NORMAL 4",4.0,false,"HARD 9",9.0,false,"EXPERT 11",11.6,false,"INFERNO 0",0.0,
"THERAPY","","group_inou","","VARIETY",false,"NORMAL 4",4.0,false,"HARD 9",9.1,false,"EXPERT 12+",12.7,false,"INFERNO 0",0.0,
"グルーヴ・ザ・ハート","Groove the Heart","ビートまりお＋あまね 「グルーヴコースター」より","Beat Mario + Amane from 'GROOVE COASTER'","VARIETY",true,"NORMAL 4",4.0,false,"HARD 8",8.5,false,"EXPERT 12",12.5,false,"INFERNO 0",0.0,
"Got more raves?","","E.G.G. 「グルーヴコースター」より","E.G.G. from 'GROOVE COASTER'","VARIETY",true,"NORMAL 6",6.0,false,"HARD 10+",10.9,false,"EXPERT 13",13.5,false,"INFERNO 0",0.0,
"Good Night, Bad Luck.","","t+pazolite 「グルーヴコースター」より","t+pazolite from 'GROOVE COASTER'","VARIETY",true,"NORMAL 5",5.0,false,"HARD 10+",10.7,false,"EXPERT 13+",13.7,false,"INFERNO 0",0.0,
"Grayed Out-Antifront-","","Getty vs. DJ DiA","","VARIETY",true,"NORMAL 3",3.0,false,"HARD 9",9.6,false,"EXPERT 13",13.2,false,"INFERNO 0",0.0,
"インドア系ならトラックメイカー","Indoor-kei nara Trackmaker","Yunomi","","VARIETY",false,"NORMAL 2",2.0,false,"HARD 7",7.5,false,"EXPERT 12+",12.9,false,"INFERNO 0",0.0,
"ダンシング☆サムライ","Dancing Samurai","崎山つばさ","Sakiyama Tsubasa","VARIETY",false,"NORMAL 3",3.0,false,"HARD 7+",7.7,false,"EXPERT 10",10.5,false,"INFERNO 0",0.0,
"WHITE","","超魂團（ウルトラソウルズ）","Ultra Souls","VARIETY",true,"NORMAL 3",3.0,false,"HARD 8",8.0,false,"EXPERT 10",10.5,false,"INFERNO 0",0.0,
"Brain Power","","NOMA","","VARIETY",true,"NORMAL 4",4.0,false,"HARD 9+",9.7,false,"EXPERT 13",13.0,false,"INFERNO 0",0.0,
"聖者の鼓動","Seija no Kodo","世阿弥 「グルーヴコースター」より","Zeami from 'GROOVE COASTER'","VARIETY",true,"NORMAL 2",2.0,false,"HARD 7",7.6,false,"EXPERT 12",12.4,false,"INFERNO 0",0.0,
"BUCHiGiRE Berserker","","REDALiCE vs MASAKI 「グルーヴコースター」より","REDALiCE vs MASAKI from 'GROOVE COASTER'","VARIETY",true,"NORMAL 4",4.0,false,"HARD 10+",10.9,false,"EXPERT 13+",13.9,false,"INFERNO 0",0.0,
"君のStarlight Road","Kimi no Starlight Road","セイネ (CV: 河上英里子) 「グルーヴコースター」より","Seine (CV: Kawakami Eriko) from 'GROOVE COASTER'","VARIETY",true,"NORMAL 3",3.0,false,"HARD 8",8.2,false,"EXPERT 10",10.3,false,"INFERNO 0",0.0,
"FUJIN Rumble","","COSIO (ZUNTATA) 「グルーヴコースター」より","COSIO (ZUNTATA) from 'GROOVE COASTER'","VARIETY",true,"NORMAL 5",5.0,false,"HARD 10+",10.8,false,"EXPERT 13",13.6,false,"INFERNO 0",0.0,
"Eyes on me feat. Such","","PSYQUI","","VARIETY",false,"NORMAL 3",3.0,false,"HARD 7+",7.7,false,"EXPERT 12",12.4,false,"INFERNO 0",0.0,
"GOODWORLD","","EBIMAYO","","VARIETY",true,"NORMAL 2",2.0,false,"HARD 9",9.1,false,"EXPERT 12",12.6,false,"INFERNO 0",0.0,
"Altale","","削除","Sakuzyo","VARIETY",true,"NORMAL 4",4.0,false,"HARD 9",9.3,false,"EXPERT 12",12.3,false,"INFERNO 0",0.0,
"ベースラインやってる？笑","Bass-line Yatteru? LOL","かめりあ feat. ななひら","Camellia feat. nanahira","VARIETY",true,"NORMAL 4",4.0,false,"HARD 9+",9.9,false,"EXPERT 12",12.2,false,"INFERNO 0",0.0,
"EU over Progress","","E.G.G. a.k.a. COSIO","","VARIETY",true,"NORMAL 6",6.0,false,"HARD 10+",10.7,false,"EXPERT 12+",12.7,false,"INFERNO 0",0.0,
"燐廻","Rinne","飛鳥(原田ひとみ)&焔(喜多村英梨)","Asuka (CV: Harada Hitomi) & Homura (CV: Kitamura Eri)","VARIETY",true,"NORMAL 2",2.0,false,"HARD 7+",7.7,false,"EXPERT 11",11.1,false,"INFERNO 0",0.0,
"『エキセントリック少年ボウイ』のテーマ","'Eccentric Shonen Boy' no Theme","エキセントリック少年ボウイ　オールスターズ","'Eccentric Shonen Boy' all-stars","VARIETY",false,"NORMAL 1",1.0,false,"HARD 5+",5.7,false,"EXPERT 12",12.6,false,"INFERNO 0",0.0,
"Jägermeister","Jagermeister","Da Tweekaz","","VARIETY",false,"NORMAL 3",3.0,false,"HARD 8+",8.8,false,"EXPERT 11",11.2,false,"INFERNO 0",0.0,
"What's this?","","超魂團（ウルトラソウルズ）","Ultra Souls","VARIETY",true,"NORMAL 3",3.0,false,"HARD 6",6.3,false,"EXPERT 10",10.2,false,"INFERNO 0",0.0,
"FREEDOM DiVE↓","","xi","","VARIETY",true,"NORMAL 6",6.0,false,"HARD 10+",10.9,false,"EXPERT 13+",13.9,false,"INFERNO 0",0.0,
"Honey Panic!","","KO3&Relect","","VARIETY",true,"NORMAL 3",3.0,false,"HARD 9",9.4,false,"EXPERT 12",12.0,false,"INFERNO 0",0.0,
"Pixel Galaxy","","Snail's House","","VARIETY",true,"NORMAL 2",2.0,false,"HARD 7",7.2,false,"EXPERT 10+",10.8,false,"INFERNO 0",0.0,
"集結の華々","Shuketsu no Hanabana","飛鳥(原田ひとみ)・焔(喜多村英梨)・雅緋(平田宏美)・雪泉(原由実)","Asuka (CV: Harada Hitomi) & Homura (CV: Kitamura Eri) & Miyabi (CV: Hirata Hiromi) & Yumi (CV: Hara Yumi)","VARIETY",true,"NORMAL 2",2.0,false,"HARD 6",6.3,false,"EXPERT 10+",10.9,false,"INFERNO 0",0.0,
"conflict","","siromaru + cranky","","VARIETY",true,"NORMAL 5",5.0,false,"HARD 10",10.3,false,"EXPERT 13",13.4,false,"INFERNO 0",0.0,
"こんにちは、ARuFaです。","Konnichi wa, ARuFa desu.","ARuFa","","VARIETY",false,"NORMAL 3",3.0,false,"HARD 7",7.5,false,"EXPERT 10",10.4,false,"INFERNO 0",0.0,
"ぼくの夢、メチャクソ無限湧き","Boku no Yume, Mechakuso Mugen Waki","ARuFa & t+pazolite & かめりあ","ARuFa & t+pazolite & Camellia","VARIETY",true,"NORMAL 4",4.0,false,"HARD 9",9.6,false,"EXPERT 12",12.6,false,"INFERNO 13+",13.8,false
"ゲームオーバー (feat. TORIENA)","Game Over (feat. TORIENA)","Yunomi","","VARIETY",false,"NORMAL 2",2.0,false,"HARD 7+",7.7,false,"EXPERT 11+",11.7,false,"INFERNO 0",0.0,
"ルーンファクトリー４スペシャルより「この想いを乗せて」","'Kono Omoi wo Nosete' from Rune Factory 4 Special","ジョー・リノイエ with 安西美貴","Joe Rinoie with Anzai Miki","VARIETY",true,"NORMAL 1",1.0,false,"HARD 5",5.6,false,"EXPERT 9",9.0,false,"INFERNO 0",0.0,
"DIVE With Ü","","HARDCORE TANO*C & エリザベス（CV:大西沙織） & リリィ（CV:青木志貴） & ルーン（CV:河瀬茉希）","HARDCORE TANO*C & Elizabeth (CV: Onishi Saori) & Lily (CV:Aoki Shiki) & Rune (CV: Kawase Maki)","ORIGINAL",true,"NORMAL 3",3.0,true,"HARD 9",9.6,true,"EXPERT 13",13.3,true,"INFERNO 12",12.0,true
"神","Kami","DJ Myosuke vs MASAKI","","ORIGINAL",true,"NORMAL 6",6.0,true,"HARD 10+",10.9,true,"EXPERT 13+",13.7,true,"INFERNO 14",14.1,true
"cloud IX","","NOMA","","ORIGINAL",true,"NORMAL 4",4.0,true,"HARD 10",10.5,true,"EXPERT 13",13.6,true,"INFERNO 0",0.0,
"Ouvertüre","Ouverture","USAO & DJ Genki feat. ルーン(CV:河瀬茉希)","USAO & DJ Genki feat. Rune (CV: Kawase Maki)","ORIGINAL",true,"NORMAL 3",3.0,true,"HARD 9",9.6,true,"EXPERT 13",13.3,true,"INFERNO 14",14.0,true
"Love Kills U","","EmoCosine","","ORIGINAL",true,"NORMAL 4",4.0,true,"HARD 8",8.4,true,"EXPERT 12",12.5,true,"INFERNO 0",0.0,
"Kira☆Kira☆Night","","KO3 & Relect","","ORIGINAL",true,"NORMAL 5",5.0,true,"HARD 9",9.6,true,"EXPERT 12+",12.9,true,"INFERNO 0",0.0,
"YOG","","モリモリあつし","Morimori Atsushi","ORIGINAL",true,"NORMAL 4",4.0,true,"HARD 9+",9.7,true,"EXPERT 13+",13.8,true,"INFERNO 0",0.0,
"Lost Illusion","","Yooh","","ORIGINAL",true,"NORMAL 4",4.0,false,"HARD 10+",10.7,false,"EXPERT 12+",12.7,false,"INFERNO 0",0.0,
"Cauliflower","","HiTECH NINJA","","ORIGINAL",true,"NORMAL 4",4.0,false,"HARD 8+",8.7,false,"EXPERT 12+",12.8,false,"INFERNO 0",0.0,
"Purple Skies","","Mameyudoufu","","ORIGINAL",true,"NORMAL 3",3.0,false,"HARD 8",8.4,false,"EXPERT 12",12.4,false,"INFERNO 0",0.0,
"Lhaksha","Laksha/Laksa","Feryquitous","","ORIGINAL",true,"NORMAL 3",3.0,false,"HARD 9",9.6,false,"EXPERT 12",12.5,false,"INFERNO 0",0.0,
"LIN NE KRO NE feat. lasah","","sasakure.UK","","ORIGINAL",true,"NORMAL 4",4.0,false,"HARD 9",9.0,false,"EXPERT 13+",13.7,false,"INFERNO 0",0.0,
"フリーフォール","Free Fall","Zekk","","ORIGINAL",true,"NORMAL 4",4.0,false,"HARD 8+",8.8,false,"EXPERT 12+",12.7,false,"INFERNO 0",0.0,
"猫娘","Neko Musume","かねこちはる","Kaneko Chiharu","ORIGINAL",true,"NORMAL 6",6.0,false,"HARD 10",10.6,false,"EXPERT 13+",13.7,false,"INFERNO 0",0.0,
"QiXiN MAdN3ss 2153","KISHIN MADNESS 2153","DJ Noriken vs MASAKI","","ORIGINAL",true,"NORMAL 6",6.0,false,"HARD 11",11.0,false,"EXPERT 13+",13.9,false,"INFERNO 0",0.0,
"ARTEMiS","","BlackY","","ORIGINAL",true,"NORMAL 4",4.0,false,"HARD 10",10.6,false,"EXPERT 13+",13.9,false,"INFERNO 0",0.0,
"with U","","t+pazolite & Massive New Krew feat. リリィ(CV:青木志貴)","t+pazolite & Massive New Krew feat. Lily (CV:Aoki Shiki)","ORIGINAL",true,"NORMAL 3",3.0,false,"HARD 7+",7.9,false,"EXPERT 11+",11.8,false,"INFERNO 13",13.6,false
"Tell Me","","RiraN","","ORIGINAL",true,"NORMAL 3",3.0,false,"HARD 7+",7.9,false,"EXPERT 11+",11.8,false,"INFERNO 0",0.0,
"LETHAL;WEAPON","","NOMA w/ Apo11o program ft. Yuyoyuppe","","ORIGINAL",true,"NORMAL 3",3.0,false,"HARD 8",8.0,false,"EXPERT 12+",12.9,false,"INFERNO 0",0.0,
"THE MUZZLE FACING","","かめりあ","Camellia","ORIGINAL",true,"NORMAL 4",4.0,false,"HARD 9+",9.8,false,"EXPERT 13+",13.8,false,"INFERNO 0",0.0,
"GASHATT","","onoken","","ORIGINAL",true,"NORMAL 4",4.0,false,"HARD 10",10.1,false,"EXPERT 12",12.4,false,"INFERNO 0",0.0,
"Demon's Rave","","Hommarju","","ORIGINAL",true,"NORMAL 5",5.0,false,"HARD 10",10.0,false,"EXPERT 12+",12.8,false,"INFERNO 0",0.0,
"jacaranda","","西村 隆文","Nishimura Takafumi","ORIGINAL",true,"NORMAL 4",4.0,false,"HARD 9",9.3,false,"EXPERT 12+",12.7,false,"INFERNO 0",0.0,
"CHECKER FLAG","","COSIO","","ORIGINAL",true,"NORMAL 3",3.0,false,"HARD 7",7.2,false,"EXPERT 12+",12.9,false,"INFERNO 0",0.0,
"Stratoliner","","C-Show","","ORIGINAL",true,"NORMAL 4",4.0,false,"HARD 9+",9.8,false,"EXPERT 12+",12.8,false,"INFERNO 0",0.0,
"Utopia feat. shully","","HiTECH NINJA","","ORIGINAL",true,"NORMAL 5",5.0,false,"HARD 9",9.4,false,"EXPERT 12",12.6,false,"INFERNO 0",0.0,
"Let you DIVE!","","HARDCORE TANO*C & エリザベス（CV:大西沙織）","HARDCORE TANO*C & Elizabeth (CV: Onishi Saori)","ORIGINAL",true,"NORMAL 3",3.0,false,"HARD 9+",9.7,false,"EXPERT 11+",11.8,false,"INFERNO 13",13.4,false
"Scramble TANO*C","","aran","","HARDCORE TANO*C",true,"NORMAL 3",3.0,true,"HARD 9",9.6,true,"EXPERT 12+",12.8,true,"INFERNO 0",0.0,
"Everybody Say HARDCORE TANO*C","","DJ Noriken","","HARDCORE TANO*C",true,"NORMAL 4",4.0,true,"HARD 9",9.1,true,"EXPERT 13",13.4,true,"INFERNO 0",0.0,
"Crush Out","","REDALiCE","","HARDCORE TANO*C",true,"NORMAL 4",4.0,true,"HARD 10",10.2,true,"EXPERT 12+",12.9,true,"INFERNO 0",0.0,
"Keep on Groovin' feat. mow*2","","P*Light","","HARDCORE TANO*C",true,"NORMAL 4",4.0,true,"HARD 9+",9.9,true,"EXPERT 12",12.5,true,"INFERNO 0",0.0,
"To the sky -wacca edit- feat.motoko","","源屋","Minamotoya","HARDCORE TANO*C",true,"NORMAL 3",3.0,true,"HARD 8+",8.9,true,"EXPERT 12",12.5,true,"INFERNO 0",0.0,
"We are the Massive New Krew (2020Edit)","","Massive New Krew","","HARDCORE TANO*C",true,"NORMAL 3",3.0,true,"HARD 8",8.6,true,"EXPERT 13",13.0,true,"INFERNO 14",14.0,true
"最先端坊将軍３","Saisentan-bo Shogun 3 / TOP SHOGUN 3","SAISEN TURN","","HARDCORE TANO*C",true,"NORMAL 3",3.0,true,"HARD 8+",8.8,true,"EXPERT 13+",13.8,true,"INFERNO 0",0.0,
"BPM=RT","","t+pazolite","","HARDCORE TANO*C",true,"NORMAL 5",5.0,true,"HARD 10+",10.8,true,"EXPERT 13+",13.9,true,"INFERNO 0",0.0,
"1BPM","","DJ Myosuke","","HARDCORE TANO*C",true,"NORMAL 4",4.0,true,"HARD 10",10.5,true,"EXPERT 13+",13.7,true,"INFERNO 0",0.0,
"Viyella's Nightmare","","Laur","","HARDCORE TANO*C",true,"NORMAL 4",4.0,true,"HARD 11",11.0,true,"EXPERT 13+",13.8,true,"INFERNO 0",0.0,
"Odin","","Gram","","HARDCORE TANO*C",true,"NORMAL 4",4.0,true,"HARD 10+",10.7,true,"EXPERT 13",13.6,true,"INFERNO 0",0.0,
"EXTRA HARD","","DJ Myosuke","","HARDCORE TANO*C",true,"NORMAL 4",4.0,true,"HARD 11",11.0,true,"EXPERT 14",14.0,true,"INFERNO 0",0.0,
"Obtain An Unused Whale In The Abstract Sea","","Kobaryo","","HARDCORE TANO*C",true,"NORMAL 2",2.0,true,"HARD 6",6.0,true,"EXPERT 13",13.3,true,"INFERNO 0",0.0,
"Middle","","Srav3R","","HARDCORE TANO*C",true,"NORMAL 3",3.0,true,"HARD 7",7.6,true,"EXPERT 12+",12.9,true,"INFERNO 0",0.0,
"Avenue","","aran","","HARDCORE TANO*C",true,"NORMAL 3",3.0,true,"HARD 7+",7.9,true,"EXPERT 12+",12.9,true,"INFERNO 0",0.0,
"えくすとりーむ↑↑おんがくスクール feat. ななひら","Extreme ↑↑ Ongaku School feat. nanahira","Massive New Krew & RoughSketch","","HARDCORE TANO*C",true,"NORMAL 4",4.0,true,"HARD 10+",10.9,true,"EXPERT 13+",13.8,true,"INFERNO 0",0.0,
"T+ VS SHARK","","t+pazolite","","HARDCORE TANO*C",true,"NORMAL 4",4.0,true,"HARD 10+",10.9,true,"EXPERT 13+",13.8,true,"INFERNO 0",0.0,
"Brand New World feat. Yukacco","","aran","","HARDCORE TANO*C",true,"NORMAL 3",3.0,true,"HARD 7",7.5,true,"EXPERT 11+",11.8,true,"INFERNO 0",0.0,
"SUPER EMULATOR","","Kobaryo feat. HiTNEX-X","","HARDCORE TANO*C",true,"NORMAL 4",4.0,true,"HARD 11",11.0,true,"EXPERT 14",14.0,true,"INFERNO 0",0.0,
"GAKKY","","Getty","","HARDCORE TANO*C",true,"NORMAL 4",4.0,true,"HARD 10+",10.7,true,"EXPERT 13+",13.7,true,"INFERNO 0",0.0,
"NIGHTWAVE FRAGMENTS","","DJ Noriken","","HARDCORE TANO*C",true,"NORMAL 4",4.0,true,"HARD 10",10.6,true,"EXPERT 13+",13.7,true,"INFERNO 0",0.0,
"N3XTAGE","NEXTAGE","Srav3R","","HARDCORE TANO*C",true,"NORMAL 4",4.0,true,"HARD 10",10.4,true,"EXPERT 12+",12.7,true,"INFERNO 0",0.0,
"Big Daddy","","USAO","","HARDCORE TANO*C",true,"NORMAL 5",5.0,true,"HARD 8+",8.7,true,"EXPERT 13",13.3,true,"INFERNO 0",0.0,
"Ready Go feat. Yukacco","","DJ Genki","","HARDCORE TANO*C",true,"NORMAL 3",3.0,true,"HARD 8",8.6,true,"EXPERT 12",12.3,true,"INFERNO 0",0.0,
"Reach My Voice","","TANO*C ALL STARS","","HARDCORE TANO*C",true,"NORMAL 3",3.0,true,"HARD 8+",8.8,true,"EXPERT 12+",12.8,true,"INFERNO 0",0.0,
"You & DIE","","USAO","","HARDCORE TANO*C",true,"NORMAL 4",4.0,true,"HARD 10+",10.7,true,"EXPERT 13",13.6,true,"INFERNO 0",0.0,
"Möbius","Moebius","USAO & Camellia","","HARDCORE TANO*C",true,"NORMAL 8",8.0,true,"HARD 10+",10.8,true,"EXPERT 14",14.1,true,"INFERNO 15",15.0,true
"GENOCIDER (Kobaryo's FTN-Remix)","","Kobaryo","","HARDCORE TANO*C",true,"NORMAL 6",6.0,true,"HARD 10+",10.7,true,"EXPERT 14",14.1,true,"INFERNO 0",0.0,
"Invisible Frenzy (Camellia's ""593: Insanely Fluctuated"" Remix)","","Camellia","","HARDCORE TANO*C",true,"NORMAL 6",6.0,true,"HARD 11",11.2,true,"EXPERT 14",14.1,true,"INFERNO 0",0.0,
"Candy Star","","DJ Genki feat. yukacco","","HARDCORE TANO*C",true,"NORMAL 3",3.0,true,"HARD 9",9.5,true,"EXPERT 13",13.2,true,"INFERNO 0",0.0,
"Onigami","","DJ Noriken","","HARDCORE TANO*C",true,"NORMAL 4",4.0,true,"HARD 9",9.0,true,"EXPERT 13",13.2,true,"INFERNO 0",0.0,
"DANGEROOOOUS JUNGLE","","Laur","","HARDCORE TANO*C",true,"NORMAL 3",3.0,true,"HARD 10",10.6,true,"EXPERT 13",13.4,true,"INFERNO 14",14.1,true
"Dimension Hacker","","Kobaryo","","HARDCORE TANO*C",true,"NORMAL 4",4.0,true,"HARD 10+",10.8,true,"EXPERT 13",13.4,true,"INFERNO 14",14.1,true
"EPHMR","EPHEMERA","aran","","HARDCORE TANO*C",true,"NORMAL 4",4.0,true,"HARD 10+",10.7,true,"EXPERT 13",13.2,true,"INFERNO 14",14.1,true
"クリムゾン帝王","Crimson Teio","REDALiCE","","HARDCORE TANO*C",true,"NORMAL 8",8.0,true,"HARD 11+",11.7,true,"EXPERT 13+",13.7,true,"INFERNO 14",14.2,true
"Break Through Myself feat. Risa Yuzuki","","DJ Myosuke & Laur","","HARDCORE TANO*C",true,"NORMAL 4",4.0,true,"HARD 10",10.2,true,"EXPERT 13",13.4,true,"INFERNO 0",0.0,
"D3LTA QOMPLEX","DELTA COMPLEX","Getty & Srav3R & DJ Noriken","","HARDCORE TANO*C",true,"NORMAL 4",4.0,true,"HARD 9+",9.9,true,"EXPERT 13",13.1,true,"INFERNO 0",0.0,
"Chobit Flavor","","aran & t+pazolite","","HARDCORE TANO*C",true,"NORMAL 3",3.0,true,"HARD 9",9.2,true,"EXPERT 12",12.6,true,"INFERNO 0",0.0,
"Machinery of Avoid","","Noizenecio","","HARDCORE TANO*C",true,"NORMAL 4",4.0,true,"HARD 8",8.5,true,"EXPERT 12+",12.7,true,"INFERNO 0",0.0,
"Datamania (tpz Overheat Remix)","","t+pazolite","","HARDCORE TANO*C",true,"NORMAL 3",3.0,true,"HARD 7+",7.8,true,"EXPERT 12",12.6,true,"INFERNO 0",0.0,
"超MANJIラッシュ","Cho MANJI Rush","Massive New Krew","","HARDCORE TANO*C",true,"NORMAL 5",5.0,true,"HARD 9+",9.7,true,"EXPERT 13+",13.7,true,"INFERNO 0",0.0,
"Meta-Mysteria","","DJ Noriken","","HARDCORE TANO*C",true,"NORMAL 6",6.0,true,"HARD 11",11.0,true,"EXPERT 14",14.1,true,"INFERNO 0",0.0,
"Eternal Ending","","Kobaryo","","HARDCORE TANO*C",true,"NORMAL 5",5.0,false,"HARD 10+",10.9,false,"EXPERT 13",13.4,false,"INFERNO 0",0.0,
"EVE","","P*Light","","HARDCORE TANO*C",true,"NORMAL 4",4.0,false,"HARD 9",9.2,false,"EXPERT 13",13.1,false,"INFERNO 0",0.0,
"eden","","""漆黒""の堕天使《Gram》†Versus† ""聖刻""の熾天使《Gram》","The Fallen Angel of ""Jet Black"" <Gram> †Versus† The Fallen Angels of ""Holy Moment"" <Gram>","HARDCORE TANO*C",true,"NORMAL 4",4.0,false,"HARD 10",10.5,false,"EXPERT 13",13.3,false,"INFERNO 14",14.1,false
"Silentphobia","","t+pazolite VS 削除","t+pazolite VS Sakuzyo","HARDCORE TANO*C",true,"NORMAL 4",4.0,false,"HARD 10",10.3,false,"EXPERT 13",13.6,false,"INFERNO 14",14.1,false
"やけにインザレイン feat. 小林私","Yake-ni in the Rain feat. Kobayashi Watashi","t+pazolite","","HARDCORE TANO*C",true,"NORMAL 3",3.0,false,"HARD 10",10.3,false,"EXPERT 13",13.1,false,"INFERNO 0",0.0,
"Traveller feat.moimoi","","かめりあ vs DJ Genki","Camellia vs DJ Genki","HARDCORE TANO*C",true,"NORMAL 2",2.0,false,"HARD 8",8.4,false,"EXPERT 12",12.4,false,"INFERNO 0",0.0,
"FLVSH OUT","FLASH OUT","Getty","","HARDCORE TANO*C",true,"NORMAL 4",4.0,false,"HARD 9+",9.8,false,"EXPERT 13",13.5,false,"INFERNO 0",0.0,
"BSCS","","Massive New Krew","","HARDCORE TANO*C",true,"NORMAL 4",4.0,false,"HARD 8+",8.8,false,"EXPERT 13",13.3,false,"INFERNO 0",0.0,
"Popping Happiness!","","DJ Genki & P*Light","","HARDCORE TANO*C",true,"NORMAL 4",4.0,false,"HARD 8",8.5,false,"EXPERT 12",12.4,false,"INFERNO 0",0.0,
"Madwing","","DJ Myosuke & aran","","HARDCORE TANO*C",true,"NORMAL 5",5.0,false,"HARD 9+",9.9,false,"EXPERT 12+",12.8,false,"INFERNO 0",0.0,
"TRICKL4SH 220","TRICKLASH 220","Lite Show Magic","","HARDCORE TANO*C",true,"NORMAL 4",4.0,false,"HARD 10+",10.9,false,"EXPERT 13+",13.8,false,"INFERNO 0",0.0,
"SHAKE!","","REDALiCE","","HARDCORE TANO*C",true,"NORMAL 4",4.0,false,"HARD 9",9.5,false,"EXPERT 12+",12.7,false,"INFERNO 0",0.0,
"DUAL BREAKER XX","","Srav3R vs Getty","","HARDCORE TANO*C",true,"NORMAL 6",6.0,false,"HARD 10+",10.8,false,"EXPERT 13+",13.8,false,"INFERNO 0",0.0,
"Megaton Killer","","DJ Myosuke","","HARDCORE TANO*C",true,"NORMAL 5",5.0,false,"HARD 10",10.0,false,"EXPERT 13",13.6,false,"INFERNO 0",0.0,
"ATAMA WARUI","","Laur","","HARDCORE TANO*C",true,"NORMAL 5",5.0,false,"HARD 9",9.1,false,"EXPERT 12+",12.9,false,"INFERNO 0",0.0,
"Liberate","","USAO","","HARDCORE TANO*C",true,"NORMAL 4",4.0,false,"HARD 9",9.5,false,"EXPERT 13",13.1,false,"INFERNO 0",0.0,
"Animosity","","Laur","","HARDCORE TANO*C",true,"NORMAL 6",6.0,false,"HARD 10+",10.9,false,"EXPERT 13+",13.8,false,"INFERNO 0",0.0,
"Big Bang","","Massive New Krew","","HARDCORE TANO*C",true,"NORMAL 7",7.0,false,"HARD 11",11.0,false,"EXPERT 14",14.0,false,"INFERNO 0",0.0,
"恋メタル","Koi Metal","P*Light","","HARDCORE TANO*C",true,"NORMAL 3",3.0,false,"HARD 8+",8.8,false,"EXPERT 12+",12.7,false,"INFERNO 0",0.0,
"はげしこの夜 -Psylent Crazy Night-","Hageshi kono yoru -Psylent Crazy Night-","aran & Kobaryo","","HARDCORE TANO*C",true,"NORMAL 4",4.0,false,"HARD 8+",8.8,false,"EXPERT 13+",13.7,false,"INFERNO 0",0.0,
"パニックポップ☆フェスティバル!!!","Panic Pop Festival!!!","DJ Genki","","HARDCORE TANO*C",true,"NORMAL 5",5.0,false,"HARD 10",10.0,false,"EXPERT 13",13.3,false,"INFERNO 0",0.0,
"Stasis feat.motoko -WACCA EDiT-","","源屋","Minamotoya","HARDCORE TANO*C",true,"NORMAL 4",4.0,false,"HARD 7+",7.9,false,"EXPERT 12+",12.7,false,"INFERNO 0",0.0,
"RAV#GIRL","RAVEGIRL","Srav3R","","HARDCORE TANO*C",true,"NORMAL 3",3.0,false,"HARD 7+",7.8,false,"EXPERT 12",12.6,false,"INFERNO 0",0.0,
"KALACAKLA","KALACAKRA","aran & lapix","","HARDCORE TANO*C",true,"NORMAL 4",4.0,false,"HARD 8",8.0,false,"EXPERT 12+",12.7,false,"INFERNO 0",0.0,
"Poppin' Shower","","P*Light","","HARDCORE TANO*C",true,"NORMAL 3",3.0,false,"HARD 9+",9.8,false,"EXPERT 12",12.5,false,"INFERNO 0",0.0,
"While Shining feat.Yukacco","","aran & Kobaryo","","HARDCORE TANO*C",true,"NORMAL 3",3.0,false,"HARD 8",8.6,false,"EXPERT 12",12.3,false,"INFERNO 0",0.0,
"ALiVE","","REDALiCE","","HARDCORE TANO*C",true,"NORMAL 3",3.0,false,"HARD 7+",7.8,false,"EXPERT 11",11.0,false,"INFERNO 0",0.0,
"ONOMATO Pairing!!!","","t+pazolite feat. ななひら","t+pazolite feat. nanahira","HARDCORE TANO*C",true,"NORMAL 2",2.0,false,"HARD 8",8.5,false,"EXPERT 12",12.4,false,"INFERNO 0",0.0,
"SUPER REACTOR","","Kobaryo feat. HiTNEX-X","","HARDCORE TANO*C",true,"NORMAL 4",4.0,false,"HARD 8",8.2,false,"EXPERT 13",13.0,false,"INFERNO 0",0.0,
"GENOCIDER","","DJ Myosuke","","HARDCORE TANO*C",true,"NORMAL 6",6.0,false,"HARD 11",11.0,false,"EXPERT 14",14.1,false,"INFERNO 0",0.0,
"ツアー・ファイナル","Tour Final","C-Show","","HARDCORE TANO*C",true,"NORMAL 3",3.0,false,"HARD 9",9.4,false,"EXPERT 12",12.3,false,"INFERNO 0",0.0,
"Metamorphose","","Laur","","HARDCORE TANO*C",true,"NORMAL 4",4.0,false,"HARD 10",10.3,false,"EXPERT 12+",12.7,false,"INFERNO 0",0.0,
"MAGiC4LG1RL M3GA S7R1KE!","MAGiCALGiRL MEGA STRiKE!","DJ Noriken","","HARDCORE TANO*C",true,"NORMAL 4",4.0,false,"HARD 10",10.0,false,"EXPERT 13",13.1,false,"INFERNO 0",0.0,
"METEOR BURST","","Getty","","HARDCORE TANO*C",true,"NORMAL 5",5.0,false,"HARD 10+",10.9,false,"EXPERT 13+",13.8,false,"INFERNO 0",0.0,
"XTREME","","USAO","","HARDCORE TANO*C",true,"NORMAL 6",6.0,false,"HARD 11",11.0,false,"EXPERT 12+",12.9,false,"INFERNO 14",14.0,false
"天使光輪","Tenshi Korin","REDALiCE & cosMo＠暴走P","REDALiCE & cosMo@Bousou-P","HARDCORE TANO*C",true,"NORMAL 7",7.0,false,"HARD 11",11.0,false,"EXPERT 13",13.2,false,"INFERNO 14",14.1,false
"Ultra Red","","REDALiCE & Hommarju","","HARDCORE TANO*C",true,"NORMAL 3",3.0,false,"HARD 9",9.6,false,"EXPERT 12+",12.8,false,"INFERNO 0",0.0,
"サイクルヒット","Cycle Hit","葛西ハーコーズ","Kasai Harcores","HARDCORE TANO*C",true,"NORMAL 5",5.0,false,"HARD 10",10.5,false,"EXPERT 13",13.5,false,"INFERNO 0",0.0,
"Strange Bar","","Laur","","HARDCORE TANO*C",true,"NORMAL 3",3.0,false,"HARD 10",10.2,false,"EXPERT 12+",12.8,false,"INFERNO 0",0.0,
"Murasaki","","Srav3R","","HARDCORE TANO*C",true,"NORMAL 3",3.0,false,"HARD 7",7.5,false,"EXPERT 12",12.4,false,"INFERNO 0",0.0,
"Mazy Metroplex","","aran","","HARDCORE TANO*C",true,"NORMAL 4",4.0,false,"HARD 10+",10.8,false,"EXPERT 13+",13.7,false,"INFERNO 0",0.0,
"LOSE CONTROL","","Massive New Krew","","HARDCORE TANO*C",true,"NORMAL 3",3.0,false,"HARD 8",8.1,false,"EXPERT 11",11.3,false,"INFERNO 0",0.0,
"†DOOF†SENC†","","Kobaryo","","HARDCORE TANO*C",true,"NORMAL 6",6.0,false,"HARD 10",10.4,false,"EXPERT 13",13.6,false,"INFERNO 0",0.0,
"Shiny Memory feat.Yukacco","","USAO & DJ Genki","","HARDCORE TANO*C",true,"NORMAL 3",3.0,false,"HARD 9+",9.8,false,"EXPERT 12",12.5,false,"INFERNO 0",0.0,
"BLVST BEVT","BLAST BEAT","Getty","","HARDCORE TANO*C",true,"NORMAL 4",4.0,false,"HARD 10",10.0,false,"EXPERT 12",12.6,false,"INFERNO 0",0.0,
"JINGLE DEATH","","DJ Myosuke & Gram","","HARDCORE TANO*C",true,"NORMAL 4",4.0,false,"HARD 10",10.4,false,"EXPERT 13",13.2,false,"INFERNO 0",0.0,
"Invisible Frenzy","","Kobaryo","","HARDCORE TANO*C",true,"NORMAL 7",7.0,false,"HARD 11",11.0,false,"EXPERT 14",14.0,false,"INFERNO 0",0.0,
"VOX Diamond","","t+pazolite","","HARDCORE TANO*C",true,"NORMAL 4",4.0,false,"HARD 7+",7.9,false,"EXPERT 12",12.6,false,"INFERNO 0",0.0,
"Chariot","","USAO","","HARDCORE TANO*C",true,"NORMAL 3",3.0,false,"HARD 8",8.6,false,"EXPERT 12",12.4,false,"INFERNO 0",0.0,
"Akareram","","Srav3R","","HARDCORE TANO*C",true,"NORMAL 3",3.0,false,"HARD 8",8.5,false,"EXPERT 11+",11.7,false,"INFERNO 0",0.0,
"Galaxy Friends","","Kobaryo","","HARDCORE TANO*C",true,"NORMAL 4",4.0,false,"HARD 8+",8.9,false,"EXPERT 12+",12.7,false,"INFERNO 0",0.0,
"13 Donkeys","","Massive New Krew","","HARDCORE TANO*C",true,"NORMAL 2",2.0,false,"HARD 8",8.4,false,"EXPERT 12",12.2,false,"INFERNO 0",0.0,
"ADAM","","P*Light","","HARDCORE TANO*C",true,"NORMAL 5",5.0,false,"HARD 10",10.2,false,"EXPERT 13",13.4,false,"INFERNO 0",0.0,
"ATARAX1A","ATARAXiA","DJ Genki","","HARDCORE TANO*C",true,"NORMAL 4",4.0,false,"HARD 8",8.6,false,"EXPERT 12",12.5,false,"INFERNO 0",0.0,
"HiGHER","","REDALiCE","","HARDCORE TANO*C",true,"NORMAL 3",3.0,false,"HARD 8",8.5,false,"EXPERT 12",12.2,false,"INFERNO 0",0.0,
"Source of Creation","","DJ Myosuke","","HARDCORE TANO*C",true,"NORMAL 3",3.0,false,"HARD 8",8.1,false,"EXPERT 11",11.3,false,"INFERNO 0",0.0,
"Exitium","","Laur","","HARDCORE TANO*C",true,"NORMAL 6",6.0,false,"HARD 11",11.0,false,"EXPERT 14",14.1,false,"INFERNO 0",0.0,
"Blaze","","Getty","","HARDCORE TANO*C",true,"NORMAL 3",3.0,false,"HARD 8+",8.7,false,"EXPERT 11+",11.7,false,"INFERNO 0",0.0,
"GRiDGALAXY","","aran","","HARDCORE TANO*C",true,"NORMAL 4",4.0,false,"HARD 8",8.3,false,"EXPERT 11",11.5,false,"INFERNO 0",0.0,
"Jingle","","DJ Noriken","","HARDCORE TANO*C",true,"NORMAL 4",4.0,false,"HARD 9+",9.7,false,"EXPERT 11",11.3,false,"INFERNO 0",0.0,
"BATTLE NO.1","","TANO*C Sound Team","","HARDCORE TANO*C",true,"NORMAL 6",6.0,false,"HARD 10",10.5,false,"EXPERT 13+",13.7,false,"INFERNO 14",14.1,true
"LEVATEiN feat. 野宮あゆみ","LEVATEiN feat. Nomiya Ayumi","REDALiCE","","HARDCORE TANO*C",true,"NORMAL 4",4.0,false,"HARD 9",9.1,false,"EXPERT 12",12.5,false,"INFERNO 0",0.0,
"BIG HEAD BANGING","","t+pazolite","","HARDCORE TANO*C",true,"NORMAL 6",6.0,false,"HARD 11",11.0,false,"EXPERT 13+",13.8,false,"INFERNO 0",0.0,
"Knight Rider","","USAO","","HARDCORE TANO*C",true,"NORMAL 6",6.0,false,"HARD 10+",10.9,false,"EXPERT 13",13.3,false,"INFERNO 0",0.0,
"PARALLEL★PRISM","","P*Light","","HARDCORE TANO*C",true,"NORMAL 3",3.0,false,"HARD 7+",7.7,false,"EXPERT 10+",10.8,false,"INFERNO 0",0.0,
"Rainbow Dream","","DJ Genki feat. Yukacco","","HARDCORE TANO*C",true,"NORMAL 3",3.0,false,"HARD 8+",8.7,false,"EXPERT 11",11.4,false,"INFERNO 0",0.0,
"Quon","","DJ Noriken","","HARDCORE TANO*C",true,"NORMAL 5",5.0,false,"HARD 10",10.6,false,"EXPERT 12+",12.8,false,"INFERNO 13+",13.9,false
"Poseidon","","Massive New Krew","","HARDCORE TANO*C",true,"NORMAL 5",5.0,false,"HARD 9+",9.9,false,"EXPERT 13+",13.8,false,"INFERNO 0",0.0,
"HELL FLAME","","DJ Myosuke","","HARDCORE TANO*C",true,"NORMAL 5",5.0,false,"HARD 10",10.4,false,"EXPERT 12+",12.7,false,"INFERNO 13+",13.9,true
"Gate One","","aran","","HARDCORE TANO*C",true,"NORMAL 4",4.0,false,"HARD 9",9.5,false,"EXPERT 12",12.0,false,"INFERNO 0",0.0,
"Over My Hand","","Srav3R","","HARDCORE TANO*C",true,"NORMAL 3",3.0,false,"HARD 9",9.2,false,"EXPERT 11",11.1,false,"INFERNO 0",0.0,
"Are You Ready","","Getty","","HARDCORE TANO*C",true,"NORMAL 4",4.0,false,"HARD 10",10.1,false,"EXPERT 12",12.5,false,"INFERNO 0",0.0,
"MEMORiZE","","REDALiCE feat. Ayumi Nomiya","","HARDCORE TANO*C",true,"NORMAL 3",3.0,false,"HARD 8",8.1,false,"EXPERT 10",10.0,false,"INFERNO 0",0.0,
"illanai-assorted","","t+pazolite","","HARDCORE TANO*C",true,"NORMAL 4",4.0,false,"HARD 8+",8.9,false,"EXPERT 12+",12.9,false,"INFERNO 0",0.0,
"Sunshine","","DJ Genki VS かめりあ (feat. moimoi)","DJ Genki VS Camellia (feat. moimoi)","HARDCORE TANO*C",true,"NORMAL 4",4.0,false,"HARD 8",8.2,false,"EXPERT 11",11.3,false,"INFERNO 0",0.0,
"BOOM! BOOM!! BOOM!!!","","P*Light feat. mow*2","","HARDCORE TANO*C",true,"NORMAL 4",4.0,false,"HARD 10",10.6,false,"EXPERT 12",12.3,false,"INFERNO 0",0.0,
"Ever Free(Raw Edit)","","Massive New Krew","","HARDCORE TANO*C",true,"NORMAL 3",3.0,false,"HARD 8",8.3,false,"EXPERT 10",10.1,false,"INFERNO 0",0.0,
"Try again","","USAO","","HARDCORE TANO*C",true,"NORMAL 4",4.0,false,"HARD 8+",8.8,false,"EXPERT 10",10.6,false,"INFERNO 0",0.0,
"BLUE SKY feat. 野宮あゆみ","BLUE SKY feat. Nomiya Ayumi","源屋","Minamotoya","HARDCORE TANO*C",true,"NORMAL 3",3.0,false,"HARD 7",7.6,false,"EXPERT 10",10.4,false,"INFERNO 0",0.0,
"Sound Chimera","","Laur","","HARDCORE TANO*C",true,"NORMAL 5",5.0,false,"HARD 10+",10.8,false,"EXPERT 12+",12.8,false,"INFERNO 13+",13.9,false
"Soldiers","","DJ Noriken","","HARDCORE TANO*C",true,"NORMAL 4",4.0,false,"HARD 8+",8.8,false,"EXPERT 11+",11.9,false,"INFERNO 0",0.0,
"Fight for the CORE feat. Daisuke","","DJ Myosuke","","HARDCORE TANO*C",true,"NORMAL 4",4.0,false,"HARD 10+",10.7,false,"EXPERT 12",12.6,false,"INFERNO 0",0.0,
"Shining Harmony","","Harmonies(P*Light & Massive New Krew)","","HARDCORE TANO*C",true,"NORMAL 4",4.0,false,"HARD 9",9.6,false,"EXPERT 12",12.2,false,"INFERNO 0",0.0,